[{
    "id": 1523382273038598146,
    "user_id": 1505999355077144582,
    "created_at": "2022-05-08 19:20:11+00:00",
    "device": "Twitter for iPhone",
    "text": "milf https://t.co/lPA3b6MFdW",
    "likes": 0,
    "retweets": 0
},
{
    "id": 1523382273701203968,
    "user_id": 737714006886993920,
    "created_at": "2022-05-08 19:20:11+00:00",
    "device": "Twitter for Android",
    "text": "@ReillyBJohnson A mage centered open world action rpg.",
    "likes": 0,
    "retweets": 0
},
{
    "id": 1523382278411661312,
    "user_id": 1014457757213380608,
    "created_at": "2022-05-08 19:20:12+00:00",
    "device": "Twitter for iPhone",
    "text": "no way home\nmultiverse of madness\nshang chi\neternals \nblack widow https://t.co/iPMIc4Wyjf",
    "likes": 0,
    "retweets": 0
},
{
    "id": 1523382282794401792,
    "user_id": 2328292008,
    "created_at": "2022-05-08 19:20:13+00:00",
    "device": "Twitter for Android",
    "text": "Also I believe the people hating/calling the movie mid are people who have set their expectations too high especially after Spiderman No way Home and were disappointed after the movie\nWhile I too had my theories, I set my expectations at a reasonable level and had a great time https://t.co/OPb6lQulPD",
    "likes": 0,
    "retweets": 0
},
{
    "id": 1523382284484706304,
    "user_id": 1502490976597823488,
    "created_at": "2022-05-08 19:20:14+00:00",
    "device": "Twitter for iPhone",
    "text": "@stealspawn Strangle deez nuts",
    "likes": 0,
    "retweets": 0
},
{
    "id": 1523382285843587073,
    "user_id": 1253402003541237762,
    "created_at": "2022-05-08 19:20:14+00:00",
    "device": "Twitter for iPhone",
    "text": "@JokerWRLDS That\u2019s y he\u2019s my favorite. Love when my men r bitchless",
    "likes": 0,
    "retweets": 0
},
{
    "id": 1523382283725537283,
    "user_id": 1075580686386503680,
    "created_at": "2022-05-08 19:20:14+00:00",
    "device": "Twitter for iPhone",
    "text": "giving agents of shield season 1",
    "likes": 0,
    "retweets": 0
},
{
    "id": 1523382288587059200,
    "user_id": 746787561016786945,
    "created_at": "2022-05-08 19:20:15+00:00",
    "device": "Twitter for Android",
    "text": "@MCUPerfectGifs NWH\nMoM\nShang Chi\n\nThe rest",
    "likes": 0,
    "retweets": 0
},
{
    "id": 1523382286342832128,
    "user_id": 1444444852591157250,
    "created_at": "2022-05-08 19:20:14+00:00",
    "device": "Twitter for iPhone",
    "text": "@MCUPerfectGifs 1. No Way Home\n2. Multiverse of Madness\n3. Eternals\n4. Shang-Chi\n5. Black Widow",
    "likes": 0,
    "retweets": 0
},
{
    "id": 1523382288759005184,
    "user_id": 1486471058668474371,
    "created_at": "2022-05-08 19:20:15+00:00",
    "device": "Twitter Web App",
    "text": "@RhitonYT @JadenCheerios @EWayhoo @Spider_Culture you are joking right??? andrew was literally OLDER than tobey when they did their first films",
    "likes": 0,
    "retweets": 0
},
{
    "id": 1523382287101939715,
    "user_id": 1467205310058278916,
    "created_at": "2022-05-08 19:20:14+00:00",
    "device": "Twitter Web App",
    "text": "please support her and check out this wonderful collection\ud83d\ude0d\n#NftColllectors #NFTCommuntiy https://t.co/NdJCgLOJ7y",
    "likes": 0,
    "retweets": 0
},
{
    "id": 1523382290860023808,
    "user_id": 3033429679,
    "created_at": "2022-05-08 19:20:15+00:00",
    "device": "Twitter for iPhone",
    "text": "Just got home from watching Doctor Strange In The Multiverse Of Madness and now time to pop on the Miami Grand Pri\u2026 what a sunday \u270c\ud83c\udffb#MiamiGP",
    "likes": 0,
    "retweets": 0
},
{
    "id": 1523382290277347329,
    "user_id": 1356602850290335744,
    "created_at": "2022-05-08 19:20:15+00:00",
    "device": "Twitter for iPhone",
    "text": "nwh \nshang chi \nmom \neternals \nbw https://t.co/Xa3EE0G9Ud",
    "likes": 0,
    "retweets": 0
},
{
    "id": 1523382292173168640,
    "user_id": 23531153,
    "created_at": "2022-05-08 19:20:16+00:00",
    "device": "Foursquare",
    "location": [
        -77.61945899,
        37.50664666
    ],
    "text": "#MovieDate #DrStrange2 #MarvelStudios (@ Amc Dine-In Richmond VA for Doctor Strange in the Multiverse of Madness in Midlothian, VA w/ @ecrab7 @steve_jaros @bryan_warren @t3rr1_5m1th @jellysandwich) https://t.co/NDdbAAR22c https://t.co/ZgLZ7b1vNM",
    "likes": 0,
    "retweets": 0
},
{
    "id": 1523382291753431040,
    "user_id": 2192734759,
    "created_at": "2022-05-08 19:20:16+00:00",
    "device": "Twitter for iPhone",
    "text": "@chrisvlamakis I came into seeing MoM with fairly lukewarm expectations, but I enjoyed it for the reasons you listed. Although, I do agree with what Scorsese said some time ago that the Marvel films are more \u201ctheme park\u201d movies.",
    "likes": 0,
    "retweets": 0
},
{
    "id": 1523382295394021377,
    "user_id": 1012059842,
    "created_at": "2022-05-08 19:20:16+00:00",
    "device": "Twitter for Android",
    "text": "@MCUPerfectGifs @Marvel shangchi had  same vibe as black panther  #chadwickboseman #RIP RESPECT \nExpecting soon to see shangchi and #DoctorStrange together",
    "likes": 1,
    "retweets": 0
},
{
    "id": 1523382298174840832,
    "user_id": 1403944061954936833,
    "created_at": "2022-05-08 19:20:17+00:00",
    "device": "Twitter for iPhone",
    "text": "DO NOT TOUCH THE DOG !! \ud83d\udde3\ud83d\udde3 https://t.co/eLBqfRMEjC",
    "likes": 0,
    "retweets": 0
},
{
    "id": 1523382301131902976,
    "user_id": 1284033116416413698,
    "created_at": "2022-05-08 19:20:18+00:00",
    "device": "Twitter for Android",
    "text": "No Way Home \nShang Chi\nMultiverse of Madness\nBlack Widow\nEternals https://t.co/Cq9eU3QybL",
    "likes": 0,
    "retweets": 0
},
{
    "id": 1523382299500646400,
    "user_id": 1506007778015555592,
    "created_at": "2022-05-08 19:20:17+00:00",
    "device": "Twitter for Android",
    "text": "MARVEL'S AVENGERS: AGE OF ULTRON (2015).\nCinematography by Ben Davis\nDirected by Joss Whedon\nScreenplay by Joss Whedon, et al.\nAvailable on @disneyplus \n#NowPlaying #NowWatching https://t.co/g7ER1tRirZ",
    "likes": 0,
    "retweets": 0
},
{
    "id": 1523382300741750784,
    "user_id": 372596301,
    "created_at": "2022-05-08 19:20:18+00:00",
    "device": "Twitter for iPhone",
    "text": "@MCUPerfectGifs 1. NWH\n2. MoM\n3. Shang-Chi\n4. Black Widow\n5. Eternals",
    "likes": 0,
    "retweets": 0
},
{
    "id": 1523382299806638086,
    "user_id": 1141584276229693441,
    "created_at": "2022-05-08 19:20:18+00:00",
    "device": "Twitter for Android",
    "text": "@MCUPerfectGifs NWH\nMoM\nShang-chi\nBlack Widow \nEternals \nOnly answer",
    "likes": 0,
    "retweets": 0
},
{
    "id": 1523382300523655168,
    "user_id": 773307330913898497,
    "created_at": "2022-05-08 19:20:18+00:00",
    "device": "Twitter for iPhone",
    "text": "@RyanJFurlong My favorite part was when Morbius came through a portal and said \u201cit\u2019s morbin time\u201d",
    "likes": 0,
    "retweets": 0
},
{
    "id": 1523382305108410368,
    "user_id": 1220493335938375681,
    "created_at": "2022-05-08 19:20:19+00:00",
    "device": "Twitter for iPhone",
    "text": "@JoshLikesComic @TheDrkPunisher Let me start off by saying one Wanda is LITERALLY the only person left alive in her family her parents, twin brother, kids (which were real) died, let\u2019s not forget her husband who she had to sacrifice and was still in vain bc Thanos bc of doctor strange",
    "likes": 0,
    "retweets": 0
},
{
    "id": 1523382303723905024,
    "user_id": 2899668942,
    "created_at": "2022-05-08 19:20:18+00:00",
    "device": "Twitter for iPhone",
    "text": "@HeavenlyControl It\u2019s ok to not be ok! \ud83e\udec2",
    "likes": 0,
    "retweets": 0
},
{
    "id": 1523382306454474752,
    "user_id": 155901395,
    "created_at": "2022-05-08 19:20:19+00:00",
    "device": "Twitter for iPhone",
    "text": "We Never Gon Lose - Kevin Feige https://t.co/iJFngDRmwn",
    "likes": 0,
    "retweets": 0
},
{
    "id": 1523382305007763456,
    "user_id": 1346450035060445184,
    "created_at": "2022-05-08 19:20:19+00:00",
    "device": "Twitter for iPhone",
    "text": "literally slay #MultiverseOfMadness https://t.co/5vw9bicKDY",
    "likes": 0,
    "retweets": 0
},
{
    "id": 1523382304315387905,
    "user_id": 1212164488842993664,
    "created_at": "2022-05-08 19:20:19+00:00",
    "device": "Twitter for iPhone",
    "text": "@AjepArts And they were mad that there wasn\u2019t that much cameos lol",
    "likes": 0,
    "retweets": 0
},
{
    "id": 1523382309860540416,
    "user_id": 17971108,
    "created_at": "2022-05-08 19:20:20+00:00",
    "device": "Twitter for iPhone",
    "text": "@MCUPerfectGifs 1. Dr. Strange\n2. Spider-man\n3. Shang-Chi\n4. Black Widow\n5. The Eternals",
    "likes": 0,
    "retweets": 0
},
{
    "id": 1523382310984323072,
    "user_id": 763186948248829952,
    "created_at": "2022-05-08 19:20:20+00:00",
    "device": "Twitter for iPhone",
    "text": "Delete this right now I\u2019m so serious .. TOBEYS SPIDER-MAN GET BEHIND ME \u203c\ufe0f https://t.co/rAuEKxYv6v",
    "likes": 0,
    "retweets": 0
},
{
    "id": 1523382309365649409,
    "user_id": 1446287043454283780,
    "created_at": "2022-05-08 19:20:20+00:00",
    "device": "Twitter for iPhone",
    "text": "I only watched NWH so I could see Tobey\u2019s Spider-Man on screen again. He\u2019s my favorite and I love him with everything, but it\u2019s literally paining me that you\u2019re trying to make this argument. https://t.co/TSegr0Z8YK",
    "likes": 0,
    "retweets": 0
},
{
    "id": 1523382306253066240,
    "user_id": 1470099007020150784,
    "created_at": "2022-05-08 19:20:19+00:00",
    "device": "Twitter for iPhone",
    "text": "Captain Marvel\n\u00ad\nthis movie was really not as bad as yall told me it was gon be \ud83d\ude2d the action was great and captain marvels development got pretty good near the end, the side cast was also pretty good (mainly nick furry) and the villain was ok 7.5/10 https://t.co/5GcO8C95Wi",
    "likes": 0,
    "retweets": 0
},
{
    "id": 1523382313895165953,
    "user_id": 1427463939877638144,
    "created_at": "2022-05-08 19:20:21+00:00",
    "device": "Twitter for iPhone",
    "text": "just rewatched the moon knight finale",
    "likes": 0,
    "retweets": 0
},
{
    "id": 1523382311642750976,
    "user_id": 1303331340675354625,
    "created_at": "2022-05-08 19:20:20+00:00",
    "device": "Twitter for iPhone",
    "text": "@WesselPizza he says there wasn\u2019t any other way but like how \ud83d\udc80 if thanos never got the time stone the snap wouldn\u2019t work",
    "likes": 0,
    "retweets": 0
},
{
    "id": 1523382312129671168,
    "user_id": 1283929346030415874,
    "created_at": "2022-05-08 19:20:20+00:00",
    "device": "Twitter for Android",
    "text": "@MCUPerfectGifs nwh \neternals\nshang chi\nmom \nblack widow",
    "likes": 0,
    "retweets": 0
},
{
    "id": 1523382313002106880,
    "user_id": 1365944082,
    "created_at": "2022-05-08 19:20:21+00:00",
    "device": "Twitter Web App",
    "text": "@KNadia_92 I was gonna do it before End Game and it just never happened, but I'd love to do it cause there's sooo many MCU movies I know I've seen but I barely remember",
    "likes": 0,
    "retweets": 0
},
{
    "id": 1523382315363311616,
    "user_id": 939608215976906752,
    "created_at": "2022-05-08 19:20:21+00:00",
    "device": "Twitter for iPhone",
    "text": "I love Tobey but wtf\ud83d\ude2d\ud83d\ude2d https://t.co/8imO3VBFUH",
    "likes": 0,
    "retweets": 0
},
{
    "id": 1523382318131335168,
    "user_id": 301636220,
    "created_at": "2022-05-08 19:20:22+00:00",
    "device": "Twitter for Android",
    "text": "Dr Strange 2\nSpiderman NWH\nShang Chi\nEternals\nBlack Widow https://t.co/ePZ6ICzZtv",
    "likes": 0,
    "retweets": 0
},
{
    "id": 1523382316470792192,
    "user_id": 393027274,
    "created_at": "2022-05-08 19:20:21+00:00",
    "device": "Twitter for iPhone",
    "text": "shang chi \nno way home\nmultiverse of madness\neternals\nblack widow o que tenho a ver https://t.co/awcixeax7O",
    "likes": 0,
    "retweets": 0
},
{
    "id": 1523382318177603585,
    "user_id": 1327827411854102530,
    "created_at": "2022-05-08 19:20:22+00:00",
    "device": "Twitter for Android",
    "text": "@nicelydonehmm @ShinyGarbador @bros_couch @heroichollywood No movie is ENTIRELY unique, all art is derivative. \n\nMultiverse of Madness, however, actually breaks some of the expected conventions of MCU movies, wheras the 1st Doctor Strange movie simply plays into them.",
    "likes": 0,
    "retweets": 0
},
{
    "id": 1523382315308576769,
    "user_id": 189438497,
    "created_at": "2022-05-08 19:20:21+00:00",
    "device": "Twitter for iPhone",
    "text": "@MCUPerfectGifs Black widow wa sshit",
    "likes": 0,
    "retweets": 0
},
{
    "id": 1523382315593969664,
    "user_id": 3134329616,
    "created_at": "2022-05-08 19:20:21+00:00",
    "device": "Twitter for iPhone",
    "text": "@bomani74 Oh I know that much just ain\u2019t never been scurry. Like this bitch was terrifying over some chirren LMAO",
    "likes": 0,
    "retweets": 0
},
{
    "id": 1523382322111729664,
    "user_id": 1836417379,
    "created_at": "2022-05-08 19:20:23+00:00",
    "device": "Twitter Web App",
    "text": "Kubrick by Kirby - 2001: A Space Odyssey @Marvel  @JackKirbyMuseum @jackkirbycomics #comics  @BoughtThatComic @DavesComicHero https://t.co/9LAOKBxGs4",
    "likes": 0,
    "retweets": 0
},
{
    "id": 1523382323265163264,
    "user_id": 3073917889,
    "created_at": "2022-05-08 19:20:23+00:00",
    "device": "Twitter for Android",
    "text": "@certified_chump @DreamfulBlue Bruh, Loki had previously already gotten the shit beaten out of him by Hulk. There wasn't that much to undermine. Also, I'm not a big fan of MCU writing in general",
    "likes": 0,
    "retweets": 0
},
{
    "id": 1523382323592548353,
    "user_id": 1069734025747726337,
    "created_at": "2022-05-08 19:20:23+00:00",
    "device": "Twitter for Android",
    "text": "People could have the decency to tag doctor strange spoilers. Not every one has access to a movie theater. \ud83d\ude2d",
    "likes": 0,
    "retweets": 0
},
{
    "id": 1523382320794791936,
    "user_id": 1391657471790387204,
    "created_at": "2022-05-08 19:20:23+00:00",
    "device": "Twitter for Android",
    "text": "/     i  honestly  do  not  mind  in  the  slightest  if  the  mcu  decides  to  age  johnny  down .   he  WAS  sixteen  when  he  got  his  powers  &amp;  his  friendship  with  spider-man  is  so  iconic .  and  he  IS  most  known  for  being  the  youngest member  of  the  F4",
    "likes": 0,
    "retweets": 0
},
{
    "id": 1523382325895069698,
    "user_id": 1297078447240433664,
    "created_at": "2022-05-08 19:20:24+00:00",
    "device": "Twitter for iPhone",
    "text": "@MCUPerfectGifs 1. Spiderman\n2. Black widow\n3. Shang chi \n4. Dr strange \n5. Eternals",
    "likes": 0,
    "retweets": 0
},
{
    "id": 1523382324510961664,
    "user_id": 900334915,
    "created_at": "2022-05-08 19:20:23+00:00",
    "device": "Twitter Web App",
    "text": "@MrEatYaAss for this specific Marvel character who has a hood as part of his normal outfit, this seems very normal to get a suit made with a hood.",
    "likes": 0,
    "retweets": 0
},
{
    "id": 1523382331695939585,
    "user_id": 1460204299812802562,
    "created_at": "2022-05-08 19:20:25+00:00",
    "device": "Twitter Web App",
    "text": "facts. best villain ever! joker who? thanos, where? https://t.co/3EqwmX1xLT",
    "likes": 0,
    "retweets": 0
},
{
    "id": 1523382331326681088,
    "user_id": 1386286530218663940,
    "created_at": "2022-05-08 19:20:25+00:00",
    "device": "Twitter for Android",
    "text": "@_Ben_Bird_ Wrong",
    "likes": 0,
    "retweets": 0
},
{
    "id": 1523382329690902529,
    "user_id": 1032368758906601472,
    "created_at": "2022-05-08 19:20:25+00:00",
    "device": "Twitter for Android",
    "text": "@houseofphoton Really annoying how Jac Schaeffer will just openly say she doesn't know a fucking thing about the stories she's writing lmfao\n\nEven during WandaVision, she said she didn't even know who Mephisto was. THE MAIN VILLAIN OF THE STORY YOU ARE ADAPTING IS MEPHISTO",
    "likes": 0,
    "retweets": 0
},
{
    "id": 1523382331251490816,
    "user_id": 1112914233845538816,
    "created_at": "2022-05-08 19:20:25+00:00",
    "device": "Twitter for iPhone",
    "text": "i love when shit get intense. MAKE ME CLUTCH MY PEARLS #DoctorStrange",
    "likes": 0,
    "retweets": 0
},
{
    "id": 1523382333511897089,
    "user_id": 1384564595826642950,
    "created_at": "2022-05-08 19:20:26+00:00",
    "device": "Twitter Web App",
    "text": "Eternals is still my least favorite Marvel movie ever made",
    "likes": 0,
    "retweets": 0
},
{
    "id": 1523382334413676545,
    "user_id": 1321401621935460354,
    "created_at": "2022-05-08 19:20:26+00:00",
    "device": "Twitter for Android",
    "text": "@Holllowfied @DynbearGaming @GermanStrands I mean it Already happen and marvel Avengers luckily continues \ud83e\udd70\u2665\ufe0f",
    "likes": 0,
    "retweets": 0
},
{
    "id": 1523382334103334912,
    "user_id": 2721930215,
    "created_at": "2022-05-08 19:20:26+00:00",
    "device": "Twitter for iPhone",
    "text": "no but seriously why was this me looooooool https://t.co/fVuJAtjneV",
    "likes": 0,
    "retweets": 0
},
{
    "id": 1523382334430527488,
    "user_id": 1179499836682440704,
    "created_at": "2022-05-08 19:20:26+00:00",
    "device": "Twitter for iPhone",
    "text": "@spenge_blorb @Jaspyy69 @MCU_Direct using this app https://t.co/rbAcD63BdM",
    "likes": 0,
    "retweets": 0
},
{
    "id": 1523382335835492352,
    "user_id": 1069666703741775872,
    "created_at": "2022-05-08 19:20:26+00:00",
    "device": "Twitter for Android",
    "text": "@MCUPerfectGifs Multiverse Of Madness\nNo Way Home \nEternals \nShang-chi\nBlack Widow https://t.co/aje73qBohV",
    "likes": 0,
    "retweets": 0
},
{
    "id": 1523382340310892544,
    "user_id": 2764093445,
    "created_at": "2022-05-08 19:20:27+00:00",
    "device": "Twitter for iPhone",
    "text": "Never thought I\u2019d say it but I\u2019m disappointed at #DoctorStrange \ud83e\udd72\ud83d\ude14",
    "likes": 0,
    "retweets": 0
},
{
    "id": 1523382340075999232,
    "user_id": 909183497851604993,
    "created_at": "2022-05-08 19:20:27+00:00",
    "device": "Twitter for Android",
    "text": "@DarkDefective Its was JUST as bad in the comics, there first real mistake, was making the civil war comic in the first place https://t.co/fCG7ptreBV",
    "likes": 0,
    "retweets": 0
},
{
    "id": 1523382341363650560,
    "user_id": 78646448,
    "created_at": "2022-05-08 19:20:27+00:00",
    "device": "Twitter for iPhone",
    "text": "Said no one ever https://t.co/eL75aw8sPv",
    "likes": 0,
    "retweets": 0
},
{
    "id": 1523382341217193984,
    "user_id": 366749265,
    "created_at": "2022-05-08 19:20:27+00:00",
    "device": "Twitter Web App",
    "text": "@lilpizzagreene And a hundred percent reason to remember the name",
    "likes": 0,
    "retweets": 0
},
{
    "id": 1523382343276261376,
    "user_id": 4612647988,
    "created_at": "2022-05-08 19:20:28+00:00",
    "device": "Twitter for Android",
    "text": "@MCUPerfectGifs 1 Doctor strange MOM\n2 Spiderman \n3 Shang Chi\n4 Eternals \n5 Black Widow",
    "likes": 0,
    "retweets": 0
},
{
    "id": 1523382341694935040,
    "user_id": 1444041137833095168,
    "created_at": "2022-05-08 19:20:27+00:00",
    "device": "Twitter Web App",
    "text": "@Abdels_avontuur @FreazyGamess sooo true",
    "likes": 0,
    "retweets": 0
},
{
    "id": 1523382342072496128,
    "user_id": 996435871602757632,
    "created_at": "2022-05-08 19:20:28+00:00",
    "device": "Twitter for Android",
    "text": "@AjepArts A cameo every minute.\nLiterally 0 plot progression.",
    "likes": 0,
    "retweets": 0
},
{
    "id": 1523382346484895746,
    "user_id": 1523266605198761984,
    "created_at": "2022-05-08 19:20:29+00:00",
    "device": "Twitter for Android",
    "text": "hi disney and marvel pls cast @joelocke03 i think this is convincing enough https://t.co/obMdE7g9L9",
    "likes": 0,
    "retweets": 0
},
{
    "id": 1523382347927678976,
    "user_id": 1453845546481901570,
    "created_at": "2022-05-08 19:20:29+00:00",
    "device": "Twitter for iPhone",
    "text": "@MCU_Direct Disney up to there dumb shit as always",
    "likes": 0,
    "retweets": 0
},
{
    "id": 1523382346179051520,
    "user_id": 1103871303793106944,
    "created_at": "2022-05-08 19:20:29+00:00",
    "device": "Twitter for iPhone",
    "text": "why is marvel stuff still going on like did they not d word in that one movie or smth",
    "likes": 0,
    "retweets": 0
},
{
    "id": 1523382350628892672,
    "user_id": 25084427,
    "created_at": "2022-05-08 19:20:30+00:00",
    "device": "Foursquare",
    "location": [
        -81.52102701,
        28.37014392
    ],
    "text": "Dr. Strange in the Multiverse of Madness (@ AMC Disney Springs 24 with Dine-in Theatres - @amctheatres for Doctor Strange in the Multiverse of Madness in Lake Buena Vista, FL w/ @dethan_taxes) https://t.co/3dzmoiCgu2",
    "likes": 0,
    "retweets": 0
},
{
    "id": 1523382351149268993,
    "user_id": 1425272056527179776,
    "created_at": "2022-05-08 19:20:30+00:00",
    "device": "Twitter for iPhone",
    "text": "@Moth_Culture You\u2019re pissed because of your own made up lies? Man baby alert.",
    "likes": 0,
    "retweets": 0
},
{
    "id": 1523382353099313152,
    "user_id": 26534094,
    "created_at": "2022-05-08 19:20:30+00:00",
    "device": "Twitter for Android",
    "text": "Just marvel at these lyrics.\n#sts70s",
    "likes": 1,
    "retweets": 0
},
{
    "id": 1523382350649823232,
    "user_id": 1378865001574887425,
    "created_at": "2022-05-08 19:20:30+00:00",
    "device": "Twitter for iPhone",
    "text": "@CentsOfLife Are mcu fans trying to ratio you?",
    "likes": 0,
    "retweets": 0
},
{
    "id": 1523382354592829440,
    "user_id": 2447087604,
    "created_at": "2022-05-08 19:20:31+00:00",
    "device": "Twitter Web App",
    "text": "Marvel hates women. I'm sure of it. Talk to the wall. I don't give a f*ck. #MoM",
    "likes": 0,
    "retweets": 0
},
{
    "id": 1523382360129032192,
    "user_id": 2779095051,
    "created_at": "2022-05-08 19:20:32+00:00",
    "device": "Twitter for iPhone",
    "text": "5 Black widow \n4 Eternals \n3 Shang Chi\n2 Doctor Strange Multiverse of Madness \n1 Spider-Man no way home https://t.co/iRhbCKK6ff",
    "likes": 0,
    "retweets": 0
},
{
    "id": 1523382361500438528,
    "user_id": 576517116,
    "created_at": "2022-05-08 19:20:32+00:00",
    "device": "Twitter for iPhone",
    "text": "@briefbriefstory that\u2019s the perfect way to describe it!!! it\u2019s so refreshing to see something unique in an mcu movie. it actually makes me wanna go back and catch up with the mcu stuff i\u2019ve missed (haven\u2019t watched black widow, externals, hawkeye, or moon knight yet)",
    "likes": 0,
    "retweets": 0
},
{
    "id": 1523382357499150336,
    "user_id": 160062232,
    "created_at": "2022-05-08 19:20:31+00:00",
    "device": "Twitter for iPhone",
    "text": "No way home\nDS 2 \nBlack Widow \nShang chi\nEternals https://t.co/scvxqI7OeM",
    "likes": 0,
    "retweets": 0
},
{
    "id": 1523382358589640705,
    "user_id": 3180299719,
    "created_at": "2022-05-08 19:20:32+00:00",
    "device": "Twitter for Android",
    "text": "@GiteshPandya Its a flop its not hitting billion major lack of legs.",
    "likes": 0,
    "retweets": 0
},
{
    "id": 1523382360657465345,
    "user_id": 899805137534947328,
    "created_at": "2022-05-08 19:20:32+00:00",
    "device": "Twitter for iPhone",
    "text": "@DarkDefective well this is what happened in the comics, the real mistake was no one telling Peter why they were fighting so that Peter could make his own choice to choose team cap",
    "likes": 0,
    "retweets": 0
},
{
    "id": 1523382359189757953,
    "user_id": 1022044273552842754,
    "created_at": "2022-05-08 19:20:32+00:00",
    "device": "Twitter for Android",
    "text": "We live in a society https://t.co/ZwHFj0Ofyr",
    "likes": 0,
    "retweets": 0
},
{
    "id": 1523382362297573376,
    "user_id": 1370176734826467334,
    "created_at": "2022-05-08 19:20:32+00:00",
    "device": "Twitter for iPhone",
    "text": "you\u2019re welcome @MarvelStudios i spent $55 at the movies for this movie. https://t.co/zOvkSqsDPL",
    "likes": 0,
    "retweets": 0
},
{
    "id": 1523382365875175424,
    "user_id": 903800799150481408,
    "created_at": "2022-05-08 19:20:33+00:00",
    "device": "Twitter for iPhone",
    "text": "@EugeneBWhitaker @catdad_rashad @MCUPerfectGifs I liked the black widow film but idk about widow of quality. Wdym by that",
    "likes": 0,
    "retweets": 0
},
{
    "id": 1523382363236929536,
    "user_id": 1101868733264551936,
    "created_at": "2022-05-08 19:20:33+00:00",
    "device": "Twitter for iPhone",
    "text": "i want to be hugged by stephen strange  #MultiverseOfMadness",
    "likes": 0,
    "retweets": 0
},
{
    "id": 1523382365791338498,
    "user_id": 1012365317790748675,
    "created_at": "2022-05-08 19:20:33+00:00",
    "device": "Twitter for iPhone",
    "text": "Anything but Shang Chi first is absolutely asinine. https://t.co/Vbph6qFdyk",
    "likes": 0,
    "retweets": 0
},
{
    "id": 1523382368551071744,
    "user_id": 3421209725,
    "created_at": "2022-05-08 19:20:34+00:00",
    "device": "Twitter Web App",
    "text": "Obviamente \ud83e\uddd0...\n#DoctorStrange #Marvel #MultiverseOfMadness #MultiversoDeLaLocura https://t.co/wvqOTa3gLz",
    "likes": 0,
    "retweets": 0
},
{
    "id": 1523382369457098752,
    "user_id": 104928731,
    "created_at": "2022-05-08 19:20:34+00:00",
    "device": "Twitter for Android",
    "text": "Still not over the fact that Marvel had us sit through 10 mins of credits to essentially give us the middle finger \ud83d\ude02 #DrStrange2",
    "likes": 0,
    "retweets": 0
},
{
    "id": 1523382370266542080,
    "user_id": 291744555,
    "created_at": "2022-05-08 19:20:34+00:00",
    "device": "Twitter Web App",
    "text": "@WANDABEGlNS MCU or comics?",
    "likes": 0,
    "retweets": 0
},
{
    "id": 1523382374385750016,
    "user_id": 1008437012767084544,
    "created_at": "2022-05-08 19:20:35+00:00",
    "device": "Twitter for Android",
    "text": "@ComicGirlAshley I'll have you know that is his real name ackshually.",
    "likes": 0,
    "retweets": 0
},
{
    "id": 1523382371080232960,
    "user_id": 628675825,
    "created_at": "2022-05-08 19:20:34+00:00",
    "device": "Twitter for iPhone",
    "text": "For those that are curious about my personal anecdotes on the industry, this is more or less the order of sales for the publishers I carry. \n1. Marvel corporate\n2. Imagine Quasi independent\n3. Boom! Independent\n4. IDW Independent\n5. Dynamite Independent\n6. DC corporate\n7. Etc",
    "likes": 0,
    "retweets": 0
},
{
    "id": 1523382370841227265,
    "user_id": 145248059,
    "created_at": "2022-05-08 19:20:34+00:00",
    "device": "Twitter for iPhone",
    "text": "No Way Home\nMoM\nBlack Widow\nEternals\nShang Chi https://t.co/RpdHKZoQYk",
    "likes": 0,
    "retweets": 0
},
{
    "id": 1523382375412944896,
    "user_id": 725470892952805381,
    "created_at": "2022-05-08 19:20:36+00:00",
    "device": "Twitter for Android",
    "text": "That was.....um... https://t.co/UtT2ov2uzg https://t.co/VSrtUHDvgx",
    "likes": 0,
    "retweets": 0
},
{
    "id": 1523382375987965953,
    "user_id": 1575436171,
    "created_at": "2022-05-08 19:20:36+00:00",
    "device": "Twitter for iPhone",
    "text": "I want to watch some of the new marvel movies but I cba trying to watch literally all of them just to get a backstory I don\u2019t have that kinda time or attention span",
    "likes": 0,
    "retweets": 0
},
{
    "id": 1523382377434681344,
    "user_id": 880225411216441344,
    "created_at": "2022-05-08 19:20:36+00:00",
    "device": "Twitter for Android",
    "text": "@Xephyr001 @juliansdurai @JoseColella84 @getFANDOM Oh yea i hated how they did wandas arch super well and actually managed to make amercia a likeable character. Or how strange had to come to terms with his personal demons abt never getting his gorl. Might as well have just rewatched evil dead its like the same thing. \ud83d\ude44\ud83d\ude12",
    "likes": 0,
    "retweets": 0
},
{
    "id": 1523382375794630658,
    "user_id": 1262502782092939264,
    "created_at": "2022-05-08 19:20:36+00:00",
    "device": "Twitter for iPhone",
    "text": "@pcg_de dieses andere clickbait",
    "likes": 0,
    "retweets": 0
},
{
    "id": 1523382382736277504,
    "user_id": 76822060,
    "created_at": "2022-05-08 19:20:37+00:00",
    "device": "Twitter Web App",
    "text": "1. Spider-man\n2. Shang Chi\n3. Doctor Strange\n4. Black Widow https://t.co/WIp6ZDBa2Z",
    "likes": 0,
    "retweets": 0
},
{
    "id": 1523382381150834690,
    "user_id": 1291430679708827648,
    "created_at": "2022-05-08 19:20:37+00:00",
    "device": "Twitter for iPhone",
    "text": "@Launcelot02 @OvOBrezzzy Lol they literally marketed it as it be like that. They advertised the illuminati as it was supposed to be such a big part in the movie",
    "likes": 0,
    "retweets": 0
},
{
    "id": 1523382384598872064,
    "user_id": 1276229701162405889,
    "created_at": "2022-05-08 19:20:38+00:00",
    "device": "Twitter for Android",
    "text": "@Solacekageyama I hope mf was executed \ud83d\ude2d",
    "likes": 0,
    "retweets": 0
},
{
    "id": 1523382386955718656,
    "user_id": 714278780,
    "created_at": "2022-05-08 19:20:38+00:00",
    "device": "Twitter for Android",
    "text": "MULTIVERSE also has the most rewatchability for me, personally (&amp; RAGNAROK + furst AVENGERS).",
    "likes": 0,
    "retweets": 0
},
{
    "id": 1523382384405934080,
    "user_id": 1094121702643109888,
    "created_at": "2022-05-08 19:20:38+00:00",
    "device": "Twitter for Android",
    "text": "Still crazy Tony really brought a kid all the way to Germany just to fight some Avengers\ud83e\udd23 https://t.co/FVZz8tyv04",
    "likes": 0,
    "retweets": 0
},
{
    "id": 1523382390705381378,
    "user_id": 164844898,
    "created_at": "2022-05-08 19:20:39+00:00",
    "device": "Twitter for iPhone",
    "text": "That\u2019s a pretty impressive number given that MCU has been spinning its wheels since Endgame and Dr. Strange has never been close to A-list in Marvel history. https://t.co/b5EtnVHVje",
    "likes": 0,
    "retweets": 0
},
{
    "id": 1523382390499946496,
    "user_id": 1074741860264947712,
    "created_at": "2022-05-08 19:20:39+00:00",
    "device": "Twitter for iPhone",
    "text": "Black widow lonely at the bottom https://t.co/qqmkH9VpBa",
    "likes": 0,
    "retweets": 0
},
{
    "id": 1523382390093017088,
    "user_id": 58087879,
    "created_at": "2022-05-08 19:20:39+00:00",
    "device": "Twitter for Android",
    "text": "@jasluvslizzie It felt cringe because their actors are too old to be pulling those kind of stunts, but Wanda's reaction and the context of the scene made it bearable",
    "likes": 0,
    "retweets": 0
},
{
    "id": 1523382390927753217,
    "user_id": 1349295696059445248,
    "created_at": "2022-05-08 19:20:39+00:00",
    "device": "Twitter for iPhone",
    "text": "Still amazed at the visuals in Doctor Strange 2. The fight with the music notes was one of the coolest things ever, felt right out of a Jack Kirby panel. God, I love Sam Raimi.",
    "likes": 0,
    "retweets": 0
},
{
    "id": 1523382390445731840,
    "user_id": 997295139147210752,
    "created_at": "2022-05-08 19:20:39+00:00",
    "device": "Twitter for iPhone",
    "text": "@ataorhan2001 @twsoIdier Bro it was a waste of such good character and such a cool group how hard would it of been for them to have a post credits scene where they say it was all a illusion by professor X so Wanda thought she killed them",
    "likes": 0,
    "retweets": 0
},
{
    "id": 1523382387215720450,
    "user_id": 1216449257278001153,
    "created_at": "2022-05-08 19:20:38+00:00",
    "device": "Twitter for Android",
    "text": "@farisbabar @QaisNaveed Get help and stop watching marvel \ud83d\ude02",
    "likes": 0,
    "retweets": 0
},
{
    "id": 1523382393368809473,
    "user_id": 248999264,
    "created_at": "2022-05-08 19:20:40+00:00",
    "device": "Twitter for Android",
    "text": "Not gonna spoil #DoctorStrange but there is a universe in which the 2003 Detroit Tigers don't lose 119 games. \ud83e\udd23",
    "likes": 0,
    "retweets": 0
},
{
    "id": 1523382392894877696,
    "user_id": 36905702,
    "created_at": "2022-05-08 19:20:40+00:00",
    "device": "Twitter for Android",
    "text": "Feel free to DM me about the movie but please don't put spoilers in my replies, let's be kind.",
    "likes": 0,
    "retweets": 0
},
{
    "id": 1523382391779184641,
    "user_id": 36905702,
    "created_at": "2022-05-08 19:20:39+00:00",
    "device": "Twitter for Android",
    "text": "I loved Doctor Strange but (no spoilers) it is QUITE gory for an MCU flick, just as an FYI to all those sensitive to such things.",
    "likes": 0,
    "retweets": 0
},
{
    "id": 1523382392093765633,
    "user_id": 1409151776549388296,
    "created_at": "2022-05-08 19:20:40+00:00",
    "device": "Twitter for iPad",
    "text": "@PhxntomNV @bigmonkeong Hat means doctor strange is even stronger?",
    "likes": 0,
    "retweets": 0
},
{
    "id": 1523382391196164096,
    "user_id": 1068055276912340993,
    "created_at": "2022-05-08 19:20:39+00:00",
    "device": "Twitter for iPhone",
    "text": "Alright, let\u2019s see what\u2019s the madness in the multiverse is all about #DoctorStrange",
    "likes": 0,
    "retweets": 0
},
{
    "id": 1523382396778803200,
    "user_id": 4672690212,
    "created_at": "2022-05-08 19:20:41+00:00",
    "device": "Twitter for iPhone",
    "text": "Is this even a question?? https://t.co/NkrhA4OJPS",
    "likes": 0,
    "retweets": 0
},
{
    "id": 1523382398993715201,
    "user_id": 1491536407,
    "created_at": "2022-05-08 19:20:41+00:00",
    "device": "Twitter for Android",
    "text": "@MarvelMultive The new one. Both are good though but this movie has it all",
    "likes": 0,
    "retweets": 0
},
{
    "id": 1523382401979670528,
    "user_id": 1425897390779731975,
    "created_at": "2022-05-08 19:20:42+00:00",
    "device": "Twitter for iPhone",
    "text": "@Veve4Everr @veve_official @Marvel Updated spreadsheet is always on our linktree \ud83d\ude4c https://t.co/1oa6E6jXvG",
    "likes": 0,
    "retweets": 0
},
{
    "id": 1523382399828070400,
    "user_id": 4219377449,
    "created_at": "2022-05-08 19:20:41+00:00",
    "device": "Twitter for iPhone",
    "text": "@MatthewKadish Anything made by Disney",
    "likes": 0,
    "retweets": 0
},
{
    "id": 1523382400591761408,
    "user_id": 1213599134667563008,
    "created_at": "2022-05-08 19:20:42+00:00",
    "device": "Twitter for iPhone",
    "text": "Is it bad that I prefer the first doctor strange movie over the second",
    "likes": 0,
    "retweets": 0
},
{
    "id": 1523382401640300544,
    "user_id": 1443258533458350096,
    "created_at": "2022-05-08 19:20:42+00:00",
    "device": "Twitter for Android",
    "text": "@veve_official @Marvel @nicolettabaldar Cool ..in the theatre right now for Dr Strange \ud83c\udfac",
    "likes": 0,
    "retweets": 0
},
{
    "id": 1523382402965409792,
    "user_id": 375945451,
    "created_at": "2022-05-08 19:20:42+00:00",
    "device": "Twitter for iPhone",
    "text": "Not me considering MCU rankings and very likely putting Multiverse of Madness in my top 5\u2026 \ud83e\udd37\u200d\u2640\ufe0f",
    "likes": 0,
    "retweets": 0
},
{
    "id": 1523382405482098689,
    "user_id": 621214022,
    "created_at": "2022-05-08 19:20:43+00:00",
    "device": "Twitter for iPhone",
    "text": "Wanda cooks tobey 7/10 times\n\nBUT\n\nif tobey gets one punch on wanda(not holding back) her head is coming clean off https://t.co/hzgninPFxW",
    "likes": 0,
    "retweets": 0
},
{
    "id": 1523382404194648064,
    "user_id": 2763482666,
    "created_at": "2022-05-08 19:20:42+00:00",
    "device": "Twitter for Android",
    "text": "@VoLt_Prophet Thor",
    "likes": 0,
    "retweets": 0
},
{
    "id": 1523382406795120640,
    "user_id": 1478057365547077632,
    "created_at": "2022-05-08 19:20:43+00:00",
    "device": "Twitter for Android",
    "text": "Not me who thought America Chavez and Ms Marvel were the same\ud83d\ude05 before I witnessed  #MultiverseOfMadness",
    "likes": 0,
    "retweets": 0
},
{
    "id": 1523382403066064896,
    "user_id": 940074780002205697,
    "created_at": "2022-05-08 19:20:42+00:00",
    "device": "Twitter for iPhone",
    "text": "@sapphyreblayze I AM MANIFESTING NOTHING I AM SIMPLY STATING A FACT. IM SO GLAD THE MCU FATIGUE IS SETTING IN BUT YOU KNOW HOW THE MOST ANNOYING OF THE ANNOYING GET. ITS THE THIRD FANDOM THATS THE WILDCARD TO ME THATS WHAT IM WORRIED ABOUT",
    "likes": 0,
    "retweets": 0
},
{
    "id": 1523382409227489280,
    "user_id": 334055220,
    "created_at": "2022-05-08 19:20:44+00:00",
    "device": "Twitter for iPhone",
    "text": "I have intermittently napped throughout some of the showings - and glad to say that I still manage to wake up in the right multiverse to know what's going on\ud83d\ude06\ud83d\ude05",
    "likes": 0,
    "retweets": 0
},
{
    "id": 1523382411379105793,
    "user_id": 470491056,
    "created_at": "2022-05-08 19:20:44+00:00",
    "device": "Twitter Web App",
    "text": "1. Multiverse of Madness \n2. No Way Home \n3. Shang Chi \n4. Black Widow \n5. The Eternals https://t.co/31Wr5Uy7Fj",
    "likes": 0,
    "retweets": 0
},
{
    "id": 1523382408929705984,
    "user_id": 1249348997178949640,
    "created_at": "2022-05-08 19:20:44+00:00",
    "device": "Twitter for Android",
    "text": "1. Spiderman 3  \n2. Shang Chi\n3. Dr Strange 2\nEverything else https://t.co/Bgpl42XTGH",
    "likes": 0,
    "retweets": 0
},
{
    "id": 1523382409709834240,
    "user_id": 972287674320146433,
    "created_at": "2022-05-08 19:20:44+00:00",
    "device": "Twitter for Android",
    "text": "I'll never get to see the ending of #MultiverseOfMadness https://t.co/L3LTgYsrIV",
    "likes": 0,
    "retweets": 0
},
{
    "id": 1523382413841162240,
    "user_id": 264851574,
    "created_at": "2022-05-08 19:20:45+00:00",
    "device": "Twitter for iPad",
    "text": "Doctor Strange in the Multiverse of Madness (2022) https://t.co/Kbugv1Qcpv",
    "likes": 0,
    "retweets": 0
},
{
    "id": 1523382413400973312,
    "user_id": 69406492,
    "created_at": "2022-05-08 19:20:45+00:00",
    "device": "Twitter for Android",
    "text": "Spider-Man\nShang Chi\nMultiverse of Madness\nBlack Widow\nEternals https://t.co/2spfiV4XJu",
    "likes": 0,
    "retweets": 0
},
{
    "id": 1523382417309847552,
    "user_id": 2297887374,
    "created_at": "2022-05-08 19:20:46+00:00",
    "device": "Twitter for iPhone",
    "text": "@CruzinParadise @DisneyStudios @Marvel @MarvelStudios Me too",
    "likes": 0,
    "retweets": 0
},
{
    "id": 1523382419725766656,
    "user_id": 1066689407254757376,
    "created_at": "2022-05-08 19:20:46+00:00",
    "device": "Twitter for Android",
    "text": "@strictlyworse MCU fans want to give awards to everyone who does a competent job acting in these movies.",
    "likes": 0,
    "retweets": 0
},
{
    "id": 1523382419621097472,
    "user_id": 1392712396490383360,
    "created_at": "2022-05-08 19:20:46+00:00",
    "device": "Twitter Web App",
    "text": "Today now marks one month since Sonic 2 has been out and I say it is really great Sonic movie and it's probably the best one of the series ever imo. Ok Sonic 1 was great but Sonic 2 was even greater yeah ^_^\n\nAnd speaking of movies, I am going to be seeing Doctor Strange tonight",
    "likes": 0,
    "retweets": 0
},
{
    "id": 1523382419164139520,
    "user_id": 223857241,
    "created_at": "2022-05-08 19:20:46+00:00",
    "device": "Twitter for iPhone",
    "text": "\ud83d\udde3To the moon https://t.co/lb6uESJsLw",
    "likes": 0,
    "retweets": 0
},
{
    "id": 1523382419386028033,
    "user_id": 1036741424178446336,
    "created_at": "2022-05-08 19:20:46+00:00",
    "device": "Twitter for iPhone",
    "text": "\ud83e\udd47loki/wandavision \n\ud83e\udd48no way home\n\ud83e\udd49moon knight \nshang-chi/the falcon \nhawkeye/MoM\n\ud83d\udd3beternals/black widdow https://t.co/XXy7S9dB2n",
    "likes": 0,
    "retweets": 0
},
{
    "id": 1523382422456307714,
    "user_id": 366930338,
    "created_at": "2022-05-08 19:20:47+00:00",
    "device": "Twitter for iPhone",
    "text": "Don\u2019t leave the cinema after a marvel movie without seeing the post credits scene.\n#DrStrange meets the hype.",
    "likes": 0,
    "retweets": 0
},
{
    "id": 1523382423450361856,
    "user_id": 3237415633,
    "created_at": "2022-05-08 19:20:47+00:00",
    "device": "Twitter for Android",
    "text": "To Mothers. Our Mothers. To Us. Women. Females. Marvel at what we have created. Mothers. Women. Females. Say these words today and forever. We are not done.\n.\n#MothersDay2022 #WomensRights #womensliberation #tinytruth https://t.co/6cL0hKiVA8",
    "likes": 0,
    "retweets": 0
},
{
    "id": 1523382421860847618,
    "user_id": 1325114396,
    "created_at": "2022-05-08 19:20:47+00:00",
    "device": "Twitter Web App",
    "text": "@MCUPerfectGifs 1. Spiderman No Way Home\n2. Shang Chi\n3. Black Widow\n4. Multiverse of Madness\n5. Eternals",
    "likes": 0,
    "retweets": 0
},
{
    "id": 1523382419403194369,
    "user_id": 1255593207875936259,
    "created_at": "2022-05-08 19:20:46+00:00",
    "device": "Twitter for iPhone",
    "text": "This was my #MultiverseOfMadness https://t.co/tJQb2uPisc",
    "likes": 0,
    "retweets": 0
},
{
    "id": 1523382420338200577,
    "user_id": 1502739192647979009,
    "created_at": "2022-05-08 19:20:46+00:00",
    "device": "Twitter for iPhone",
    "text": "Y\u2019all tripping this fire https://t.co/aeTzSu9bCH",
    "likes": 0,
    "retweets": 0
},
{
    "id": 1523382426612891649,
    "user_id": 1432356603496443908,
    "created_at": "2022-05-08 19:20:48+00:00",
    "device": "Twitter for iPhone",
    "text": "@MCUReport Shows:\n\nLoki\nWandaVison\nHawkeye\nMoonknight\nCAATWS\n\nMovies: \n\nDr strange Multiverse of madness\nSpider-Man No way home\nShang chi\nEternals\nBlack widow (one of the worst MCU movies ever made)",
    "likes": 0,
    "retweets": 0
},
{
    "id": 1523382429909536773,
    "user_id": 4359101352,
    "created_at": "2022-05-08 19:20:49+00:00",
    "device": "Twitter for iPhone",
    "text": "spiderman &gt; shangchi &gt; doctor strange &gt; eternals &gt; black widow https://t.co/M8V7KUKYBX",
    "likes": 0,
    "retweets": 0
},
{
    "id": 1523382430891184129,
    "user_id": 1062472539514068993,
    "created_at": "2022-05-08 19:20:49+00:00",
    "device": "Twitter for iPhone",
    "text": "@comicbooknate yes yes u do get to see them",
    "likes": 0,
    "retweets": 0
},
{
    "id": 1523382432606474241,
    "user_id": 70221187,
    "created_at": "2022-05-08 19:20:49+00:00",
    "device": "Twitter for iPhone",
    "text": "@MCUPerfectGifs 1: Spiderman: NWH\n2: Shang-Chi\n3: Doctor Strange MOM\n4: Black Widow\n5: Eternals",
    "likes": 0,
    "retweets": 0
},
{
    "id": 1523382432245837824,
    "user_id": 111690178,
    "created_at": "2022-05-08 19:20:49+00:00",
    "device": "Twitter for Android",
    "text": "First act was kinda mid but then it hits the gas and is just genuinely fun. Wouldn't call it a game changer for Marvel movies but it's the first one that felt like it had a soul in a long time.",
    "likes": 0,
    "retweets": 0
},
{
    "id": 1523382432829173760,
    "user_id": 3116559616,
    "created_at": "2022-05-08 19:20:49+00:00",
    "device": "Twitter for iPhone",
    "text": "honestly how can you be six movies into the new phase and expect to know where the next big team up event in the mcu is like",
    "likes": 0,
    "retweets": 0
},
{
    "id": 1523382432895963136,
    "user_id": 2713215099,
    "created_at": "2022-05-08 19:20:49+00:00",
    "device": "Twitter for iPhone",
    "text": "Safe to say I\u2019ve got very mixed thoughts on #DoctorStrange  \ud83d\ude2c\ud83d\ude02",
    "likes": 0,
    "retweets": 0
},
{
    "id": 1523382428530016256,
    "user_id": 1211110365280423936,
    "created_at": "2022-05-08 19:20:48+00:00",
    "device": "Twitter for Android",
    "text": "happy they scrapped this doesn't look bad just like the clean suit better without the hood https://t.co/hZ92SaVh78",
    "likes": 0,
    "retweets": 0
},
{
    "id": 1523382429687304193,
    "user_id": 814408341292072960,
    "created_at": "2022-05-08 19:20:48+00:00",
    "device": "Twitter for iPhone",
    "text": "I understand being excited about *those* characters but it\u2019s a movie centered on Strange, not a formulaic cookie cutter clip reel of cameos to please fanboys.",
    "likes": 0,
    "retweets": 0
},
{
    "id": 1523382432346480640,
    "user_id": 155677841,
    "created_at": "2022-05-08 19:20:49+00:00",
    "device": "TV Time, TV show tracker",
    "text": "I've just watched episode S01 | E05 of Moon Knight! #marvelsmoonknight  https://t.co/c1SOmuWUaw #tvtime https://t.co/XIn0fyphFk",
    "likes": 0,
    "retweets": 0
},
{
    "id": 1523382435395735553,
    "user_id": 1437744286351740930,
    "created_at": "2022-05-08 19:20:50+00:00",
    "device": "Twitter for iPhone",
    "text": "@Yungsnaku_ Well uh, I am makin a new suit this year so uh, if I\u2019m not in Arkham by that time, just gimme a call",
    "likes": 0,
    "retweets": 0
},
{
    "id": 1523382435299282944,
    "user_id": 1267184310634926081,
    "created_at": "2022-05-08 19:20:50+00:00",
    "device": "Twitter for iPhone",
    "text": "It doesn\u2019t get cooler than this https://t.co/eCrdiVqJ3c",
    "likes": 0,
    "retweets": 0
},
{
    "id": 1523382435957731329,
    "user_id": 434558230,
    "created_at": "2022-05-08 19:20:50+00:00",
    "device": "Twitter for Android",
    "text": "@MCUPerfectGifs NWH &gt; BW &gt; SC &gt; DS2 &gt; E",
    "likes": 0,
    "retweets": 0
},
{
    "id": 1523382437060952065,
    "user_id": 61859017,
    "created_at": "2022-05-08 19:20:50+00:00",
    "device": "Twitter Web App",
    "text": "A Lack Of Vision.\n\nMy \u2605\u2605 review of Doctor Strange in the Multiverse of Madness (2022) on @letterboxd: https://t.co/6n9KepxE9T",
    "likes": 0,
    "retweets": 0
},
{
    "id": 1523382436419174400,
    "user_id": 1061074944,
    "created_at": "2022-05-08 19:20:50+00:00",
    "device": "Twitter for Android",
    "text": "1 - Eternals\n2 - Doctor Strange in the Multiverse of Madness \n3 - Shang-Chi\n4 - Spider-Man No Way Home \n5 - Black Widow https://t.co/RwRKn9HCuO",
    "likes": 0,
    "retweets": 0
},
{
    "id": 1523382438193336320,
    "user_id": 2891425421,
    "created_at": "2022-05-08 19:20:50+00:00",
    "device": "Twitter for iPhone",
    "text": "To all who said Dr Strange was mid don\u2019t ever attend another marvel movie",
    "likes": 0,
    "retweets": 0
},
{
    "id": 1523382440823189504,
    "user_id": 1076663227222773760,
    "created_at": "2022-05-08 19:20:51+00:00",
    "device": "Twitter for iPhone",
    "text": "Zampe a las YA a DR DOOM a marvel https://t.co/2Im5QPiZqn",
    "likes": 0,
    "retweets": 0
},
{
    "id": 1523382440357765120,
    "user_id": 2714662919,
    "created_at": "2022-05-08 19:20:51+00:00",
    "device": "Twitter for iPhone",
    "text": "06/05/2022:\n\nI\u2019m Thinking of Ending Things (2020)\n\ndir. Charlie Kaufman https://t.co/0qUqsRPO6T",
    "likes": 0,
    "retweets": 0
},
{
    "id": 1523382443406995457,
    "user_id": 879969042,
    "created_at": "2022-05-08 19:20:52+00:00",
    "device": "Twitter for Android",
    "text": "Waiting for Doctor Strange, popcorn and drink ready for the big show. A good end to a great day!",
    "likes": 0,
    "retweets": 0
},
{
    "id": 1523382440932347905,
    "user_id": 24069376,
    "created_at": "2022-05-08 19:20:51+00:00",
    "device": "Twitter Web App",
    "text": "Strange\nEternals\nNWH\nShang Chi\nBlack Widow\n\nThere's like a really good half hour in the middle of Black Widow but otherwise https://t.co/XV9oCTnIAI",
    "likes": 0,
    "retweets": 0
},
{
    "id": 1523382445802156032,
    "user_id": 162928950,
    "created_at": "2022-05-08 19:20:52+00:00",
    "device": "Twitter for iPhone",
    "text": "y\u2019all some bitches @Marvel",
    "likes": 0,
    "retweets": 0
},
{
    "id": 1523382443402686464,
    "user_id": 1397817397,
    "created_at": "2022-05-08 19:20:52+00:00",
    "device": "Twitter for iPhone",
    "text": "The Eternals was dogshit it wouldn\u2019t even be on the list https://t.co/h2bNx0ItlL",
    "likes": 0,
    "retweets": 0
},
{
    "id": 1523382446439370752,
    "user_id": 821414875540967426,
    "created_at": "2022-05-08 19:20:52+00:00",
    "device": "Twitter for iPhone",
    "text": "mcu fans when a movie with Dr Strange in the title focuses on Dr Strange https://t.co/jIN2vVmwt4",
    "likes": 0,
    "retweets": 0
},
{
    "id": 1523382448918188032,
    "user_id": 1146678735837569024,
    "created_at": "2022-05-08 19:20:53+00:00",
    "device": "Twitter for Android",
    "text": "@kematography_ Marvel \ud83e\udd1d\ud83c\udffdWhite sneakers",
    "likes": 0,
    "retweets": 0
},
{
    "id": 1523382447345258496,
    "user_id": 1218051184214278144,
    "created_at": "2022-05-08 19:20:53+00:00",
    "device": "Twitter for Android",
    "text": "@the_sang2 It's funny because Blackbolt got his head popped from the inside out, Reed got torn apart and had his head explode, Captain Carter got divided harder then America in 2020, Defender Strange was a corpse the whole movie and got turned into a zombie, but sure whatever you say man",
    "likes": 0,
    "retweets": 0
},
{
    "id": 1523382448444243968,
    "user_id": 1055372299,
    "created_at": "2022-05-08 19:20:53+00:00",
    "device": "Twitter Web App",
    "text": "1. Multiverse of Madness\n2. Eternals\n3. Black Widow\n4. Shang Chi\n5. Spiderman\n\n(No me mateis) https://t.co/gKwn0hmFoF",
    "likes": 0,
    "retweets": 0
},
{
    "id": 1523382446141493248,
    "user_id": 4767741328,
    "created_at": "2022-05-08 19:20:52+00:00",
    "device": "Twitter for Android",
    "text": "@MCUPerfectGifs no way home\nmultiverse of madness\nblack widow\nshang chi\neternals",
    "likes": 0,
    "retweets": 0
},
{
    "id": 1523382448150618113,
    "user_id": 1122180375072124929,
    "created_at": "2022-05-08 19:20:53+00:00",
    "device": "Twitter Web App",
    "text": "@MCUPerfectGifs 1. NWH\n2. Shang-chi\n3. Mom\n4. Eternals\n5. Black widow\nblack widow last PURELY because i havent seen it so",
    "likes": 0,
    "retweets": 0
},
{
    "id": 1523382445592039424,
    "user_id": 875548408747933696,
    "created_at": "2022-05-08 19:20:52+00:00",
    "device": "Twitter Web App",
    "text": "@jasluvslizzie Tommy and Billy are adorable",
    "likes": 0,
    "retweets": 0
},
{
    "id": 1523382452408168449,
    "user_id": 2431183327,
    "created_at": "2022-05-08 19:20:54+00:00",
    "device": "Twitter for iPhone",
    "text": "@WoLf_PaK_MeMbA Magneto cold-blooded.",
    "likes": 0,
    "retweets": 0
},
{
    "id": 1523382449643868160,
    "user_id": 2743725323,
    "created_at": "2022-05-08 19:20:53+00:00",
    "device": "Twitter for iPhone",
    "text": "@jasluvslizzie It was both, like most things kids do",
    "likes": 0,
    "retweets": 0
},
{
    "id": 1523382451455750144,
    "user_id": 1197534856806326275,
    "created_at": "2022-05-08 19:20:54+00:00",
    "device": "Twitter for iPhone",
    "text": "apparently I\u2019m the only person alive who fucking loved black widow bc it\u2019s still my fav of all these \ud83d\ude47\ud83c\udffc\u200d\u2640\ufe0f followed v closely by no way home https://t.co/D5cU9JdA5U",
    "likes": 0,
    "retweets": 0
},
{
    "id": 1523382452131049473,
    "user_id": 1371447284605489153,
    "created_at": "2022-05-08 19:20:54+00:00",
    "device": "Twitter for iPhone",
    "text": "@zwafflezV4 @Trippiealexx1 @doghairinmynose @Grimm_Gamesh @ZaverrrS @AjepArts i never said i don\u2019t like marvel you idiot. But i know when something is good and when something is bad. Ion dickride like y\u2019all",
    "likes": 0,
    "retweets": 0
},
{
    "id": 1523382453372555264,
    "user_id": 1445079338303455244,
    "created_at": "2022-05-08 19:20:54+00:00",
    "device": "Twitter for iPhone",
    "text": "Excellent movie a surprise at every turn #drstrangeinthemultiverseofmadness #movie #MarvelStudios #MCU https://t.co/DmVzMVWNoF",
    "likes": 0,
    "retweets": 0
},
{
    "id": 1523382451606753281,
    "user_id": 1683358423,
    "created_at": "2022-05-08 19:20:54+00:00",
    "device": "Twitter Web App",
    "text": "@MCUPerfectGifs Spider-Man: No Way Home 10/10\nDoctor Strange in the Multiverse of Madness 8.5/10\nShang Chi and the Legend of the Ten Rings 7.5/10\nThe Eternals 6/10\nBlack Widow 5/10\n\nI enjoyed all 5 films. I think overall Phase 5 has been good.",
    "likes": 0,
    "retweets": 0
},
{
    "id": 1523382453259309056,
    "user_id": 1156271107999240192,
    "created_at": "2022-05-08 19:20:54+00:00",
    "device": "Twitter Web App",
    "text": "No Way Home (tie)\nShang Chi (tie)\nEternals\nBlack Widow\nMultiverse of Madness \ud83e\udd22 https://t.co/9lkTxYPJJ8",
    "likes": 0,
    "retweets": 0
},
{
    "id": 1523382450268741634,
    "user_id": 1519237543212077056,
    "created_at": "2022-05-08 19:20:53+00:00",
    "device": "WordPress.com",
    "text": "15 Things You Didn\u2019t Know About Moon\u00a0Knight https://t.co/mwHBp8TlOq",
    "likes": 0,
    "retweets": 0
},
{
    "id": 1523382453154377729,
    "user_id": 255764761,
    "created_at": "2022-05-08 19:20:54+00:00",
    "device": "Twitter for iPhone",
    "text": "MoM &gt; NWH &gt; Black Widow &gt; Eternals &gt; Shang-chi https://t.co/g36wy4uXzb",
    "likes": 0,
    "retweets": 0
},
{
    "id": 1523382457558466560,
    "user_id": 42662397,
    "created_at": "2022-05-08 19:20:55+00:00",
    "device": "Twitter Web App",
    "text": "#DoctorStrange #SPOILERS\n\nFor anyone having a hard time with Wanda's surprising choices in DOCTOR STRANGE IN THE MULTIVERSE OF MADNESS, Elizabeth Olsen says she did too: https://t.co/62dth97amT",
    "likes": 0,
    "retweets": 0
},
{
    "id": 1523382454694060032,
    "user_id": 441453314,
    "created_at": "2022-05-08 19:20:54+00:00",
    "device": "Twitter for iPhone",
    "text": "No Magneto in MoM was a missed opportunity imo https://t.co/7ElmF07FGE",
    "likes": 0,
    "retweets": 0
},
{
    "id": 1523382456694767616,
    "user_id": 1105557898703310848,
    "created_at": "2022-05-08 19:20:55+00:00",
    "device": "Twitter for Android",
    "text": "I agree https://t.co/1x5skHKELG",
    "likes": 0,
    "retweets": 0
},
{
    "id": 1523382454542774273,
    "user_id": 1205703407635488773,
    "created_at": "2022-05-08 19:20:54+00:00",
    "device": "Twitter for iPhone",
    "text": "Looking forward to the first marvel movie that\u2019s going to flop",
    "likes": 0,
    "retweets": 0
},
{
    "id": 1523382460389937153,
    "user_id": 1329570487723196416,
    "created_at": "2022-05-08 19:20:56+00:00",
    "device": "Twitter for iPhone",
    "text": "@NFTHolding @Mr_Garcin @opensea @kokid951 good luck for ur project! it\u2019s great!",
    "likes": 0,
    "retweets": 0
},
{
    "id": 1523382460813258752,
    "user_id": 1720091245,
    "created_at": "2022-05-08 19:20:56+00:00",
    "device": "Twitter for iPhone",
    "text": "NWH, Black widow, Eternals, Shang Chi and I haven\u2019t watched  MoM yet https://t.co/NBFinZ94d5",
    "likes": 0,
    "retweets": 0
},
{
    "id": 1523382458606964736,
    "user_id": 713523037560111105,
    "created_at": "2022-05-08 19:20:55+00:00",
    "device": "WordPress.com",
    "text": "\u2018Doctor Strange 2\u2019 Post-Credits Scenes, Explained \u2013\u00a0CNET https://t.co/h7L6hY5Xzh",
    "likes": 0,
    "retweets": 0
},
{
    "id": 1523382460176007168,
    "user_id": 1512136543288315905,
    "created_at": "2022-05-08 19:20:56+00:00",
    "device": "Twitter for iPhone",
    "text": "If you\u2019ve seen the new Doctor Strange hmu rn so we can talk abt it",
    "likes": 0,
    "retweets": 0
},
{
    "id": 1523382459395497986,
    "user_id": 745855852482015232,
    "created_at": "2022-05-08 19:20:56+00:00",
    "device": "Twitter for Android",
    "text": "@MCUPerfectGifs No Way Home\nMultiverse of Madness\nShang-Chi\nBlack Widow (Yelena was my sole reason to finish)\nHaven't seen Eternals, so no place yet",
    "likes": 0,
    "retweets": 0
},
{
    "id": 1523382459479597057,
    "user_id": 374186859,
    "created_at": "2022-05-08 19:20:56+00:00",
    "device": "Twitter for Android",
    "text": "@MCUPerfectGifs 1. Spider-Man: NWH \n2. Shang-Chi\n3. Dr. Strange: MoM\n4. Eternals\n5. Black Widow",
    "likes": 0,
    "retweets": 0
},
{
    "id": 1523382462230933504,
    "user_id": 1221090082032979968,
    "created_at": "2022-05-08 19:20:56+00:00",
    "device": "Twitter for iPhone",
    "text": "You know what\u2019s funny\u2026 he\u2019s been fan casted for so damn long that seeing him this small role felt natural as if he\u2019s always been around. Even saying \u201cI have a child of my own\u201d as of its picking up after Reed &amp; Sue\u2019s wedding from the previous movie and moving life forward. https://t.co/GDgeflvl14",
    "likes": 0,
    "retweets": 0
},
{
    "id": 1523382460251533313,
    "user_id": 1600642272,
    "created_at": "2022-05-08 19:20:56+00:00",
    "device": "Twitter for Android",
    "text": "Strange 2 \nNWH \nShang Shi \nEternals \nBlack Widow https://t.co/YuA2q2nt9g",
    "likes": 0,
    "retweets": 0
},
{
    "id": 1523382463493550080,
    "user_id": 1183673556422610944,
    "created_at": "2022-05-08 19:20:57+00:00",
    "device": "Twitter for Android",
    "text": "I relate to Doctor Strange because we're both rendered useless by the sight of Rachel McAdams",
    "likes": 0,
    "retweets": 0
},
{
    "id": 1523382462629703680,
    "user_id": 2218830133,
    "created_at": "2022-05-08 19:20:56+00:00",
    "device": "Twitter for iPhone",
    "text": "I wonder if its worse to live in Gotham in the DC Universe or New York in the Marvel Universe",
    "likes": 0,
    "retweets": 0
},
{
    "id": 1523382464718114817,
    "user_id": 1305586022886109186,
    "created_at": "2022-05-08 19:20:57+00:00",
    "device": "Twitter for iPhone",
    "text": "@mvbrat91 @ERodBuster1 I\u2019d gladly see a Rocket Racer movie instead of a friggin El Muerto one.",
    "likes": 0,
    "retweets": 0
},
{
    "id": 1523382467905785856,
    "user_id": 1313595595131506688,
    "created_at": "2022-05-08 19:20:58+00:00",
    "device": "Twitter for Android",
    "text": "What genuinely scares me is considering with the amount of audience reception from the daring stuff Doctor Strange 2 had being very mid, Marvel will play it safe for now on and not do anymore daring and creative choices...",
    "likes": 0,
    "retweets": 0
},
{
    "id": 1523382473031241729,
    "user_id": 2280043706,
    "created_at": "2022-05-08 19:20:59+00:00",
    "device": "Twitter for iPhone",
    "text": "@TheObbster Fantastic lost overall! Major props for putting Eternals so high. That movie is WAY better than people say and a really good movie. \ud83d\udc4d",
    "likes": 1,
    "retweets": 0
},
{
    "id": 1523382469868900352,
    "user_id": 897994826209251328,
    "created_at": "2022-05-08 19:20:58+00:00",
    "device": "Twitter for iPhone",
    "text": "@MCUPerfectGifs NWH\nShang-Chi\nMoM\nBlack Widow\nEternals",
    "likes": 0,
    "retweets": 0
},
{
    "id": 1523382473249370113,
    "user_id": 1397546658263564289,
    "created_at": "2022-05-08 19:20:59+00:00",
    "device": "WordPress.com",
    "text": "Doctor Strange in the Multiverse of Madness Final Trailer Debuts Ahead of\u00a0Release https://t.co/jwg61qx6ng",
    "likes": 0,
    "retweets": 0
},
{
    "id": 1523382471286394881,
    "user_id": 871729285240766464,
    "created_at": "2022-05-08 19:20:58+00:00",
    "device": "Twitter for Android",
    "text": "I'm not going to blame Marvel Studios for this perception of Jake\n\nBut I wish they anticipated that some people simply aren't bright enough to realize how bad the concept of an \"evil alter\" is and changed his presentation in the show https://t.co/tsIvZjKuTz",
    "likes": 0,
    "retweets": 0
},
{
    "id": 1523382473706680320,
    "user_id": 1267965123857190913,
    "created_at": "2022-05-08 19:20:59+00:00",
    "device": "Twitter for Android",
    "text": "Just finished watching the new doctor strange movie \ud83d\ude0d",
    "likes": 0,
    "retweets": 0
},
{
    "id": 1523382471693422593,
    "user_id": 178353631,
    "created_at": "2022-05-08 19:20:58+00:00",
    "device": "Twitter for iPad",
    "text": "Dr. Strange is doing huge numbers and I expect Thor 4 will be very successful as well, but I am curious how they will do next year with Ant-Man 3 and The Marvels, who are less popular.  And how She-Hulk and Ms. Marvel are going to do on Disney+.",
    "likes": 0,
    "retweets": 0
},
{
    "id": 1523382473484234754,
    "user_id": 1037515771176542208,
    "created_at": "2022-05-08 19:20:59+00:00",
    "device": "Twitter for iPhone",
    "text": "Doctor Strange is insane.",
    "likes": 0,
    "retweets": 0
},
{
    "id": 1523382472620138496,
    "user_id": 1275210308559286272,
    "created_at": "2022-05-08 19:20:59+00:00",
    "device": "Twitter for iPhone",
    "text": "@Monisha__Dey Cba watching it \ud83d\ude2d\ud83d\ude2d\ud83d\ude02\ud83d\ude02\ud83d\ude02",
    "likes": 0,
    "retweets": 0
},
{
    "id": 1523382475568857088,
    "user_id": 1109614233543684098,
    "created_at": "2022-05-08 19:20:59+00:00",
    "device": "Twitter for iPhone",
    "text": "Happy Mothers Day #MultiverseOfMadness https://t.co/loDyXvdb8V",
    "likes": 0,
    "retweets": 0
},
{
    "id": 1523382483730898946,
    "user_id": 1343425717111951360,
    "created_at": "2022-05-08 19:21:01+00:00",
    "device": "Twitter for Android",
    "text": "CW // #MoonKnight spoilers\n-\n-\n-\n-\n-\n-\n\"i don't need to show you my papers\" \nof course the white man would say that",
    "likes": 0,
    "retweets": 0
},
{
    "id": 1523382486201339904,
    "user_id": 61226099,
    "created_at": "2022-05-08 19:21:02+00:00",
    "device": "Twitter Web App",
    "text": "@CriticalBard I wasn't a fan of the movie overall, but that scene was so perfectly Doctor Strange (as in, felt like something you'd absolutely see in an issue of the comic) that it almost brought me back.",
    "likes": 0,
    "retweets": 0
},
{
    "id": 1523382484553011200,
    "user_id": 715668800419586048,
    "created_at": "2022-05-08 19:21:02+00:00",
    "device": "Twitter Web App",
    "text": "@FilmFileUK A2. I thought there was a good F4 film buried somewhere in the latest version. The first 90 minutes worked and then the ending was so rushed. I didn't care for the 00s ones and haven't seen anything previous to that.\n\n#MTOS",
    "likes": 0,
    "retweets": 0
},
{
    "id": 1523382484926300160,
    "user_id": 1344119793591463938,
    "created_at": "2022-05-08 19:21:02+00:00",
    "device": "Twitter for iPhone",
    "text": "She can have whatever she wants\u2026 \ud83e\udd37\ud83c\udfff\u200d\u2642\ufe0f https://t.co/8Dq5OYWXp1",
    "likes": 0,
    "retweets": 0
},
{
    "id": 1523382486499094529,
    "user_id": 1220161344202166272,
    "created_at": "2022-05-08 19:21:02+00:00",
    "device": "Twitter for iPhone",
    "text": "@WaterHydratesUs @Java_jigga and millions of people are gonna keep watching MCU films so suck our dicks",
    "likes": 0,
    "retweets": 0
},
{
    "id": 1523382486285185025,
    "user_id": 19005310,
    "created_at": "2022-05-08 19:21:02+00:00",
    "device": "Twitter Web App",
    "text": "@theseeker428 Yea I said a solid 3 out of 4 stars, Wanda is clearly the most powerful Avenger",
    "likes": 0,
    "retweets": 0
},
{
    "id": 1523382490484060162,
    "user_id": 597331698,
    "created_at": "2022-05-08 19:21:03+00:00",
    "device": "Twitter for iPhone",
    "text": "Apparently I shouldn\u2019t waste my money, buttttt I have to watch every marvel movie",
    "likes": 0,
    "retweets": 0
},
{
    "id": 1523382488889839616,
    "user_id": 1308884225312129027,
    "created_at": "2022-05-08 19:21:03+00:00",
    "device": "Twitter for Android",
    "text": "Thing is, I can't even blame Disney / Marvel for studio involvement because this has Sam Raimi's fingerprints all over it. In fact, he's clearly been given far more creative control than filmmakers are usually allowed - because he does stuff with the movie which any other -",
    "likes": 0,
    "retweets": 0
},
{
    "id": 1523382489888092160,
    "user_id": 1293600573195984900,
    "created_at": "2022-05-08 19:21:03+00:00",
    "device": "Twitter for Android",
    "text": "May 8th Sunday #Kerala Box Office tracked collection -\n\n1. #JanaGanaMana \u20b91.40 crs from 585 shows, 61% occupancy \ud83d\udd25\n2. #DoctorStrange 85 Lakhs from 501 shows, 37% \ud83d\udc4f\n3. #KGFChapter2 72 Lakhs from 475 shows, 39% \ud83d\udc4f\n4. #CBI5TheBrain 65 Lakhs from 530 shows, 30% \ud83d\udc4d\n\nSUPERB SUNDAY",
    "likes": 0,
    "retweets": 0
},
{
    "id": 1523382491054321664,
    "user_id": 1308884225312129027,
    "created_at": "2022-05-08 19:21:03+00:00",
    "device": "Twitter for Android",
    "text": "Director would've been prevented from even considering in their universe. Hence, the studio (for once) took an admirable risk, putting their trust in him... And I'm afraid it simply hasn't paid off. Yes, it's the most distinctive MCU film but it's also one of the messiest.",
    "likes": 0,
    "retweets": 0
},
{
    "id": 1523382487103291398,
    "user_id": 2500663301,
    "created_at": "2022-05-08 19:21:02+00:00",
    "device": "Twitter for Android",
    "text": "@thegameawards Sucker punch",
    "likes": 0,
    "retweets": 0
}]