[{
    "id": 1523388268225523712,
    "user_id": 1395282245267595265,
    "created_at": "2022-05-08 19:44:00+00:00",
    "device": "Twitter for Android",
    "text": "@MCUPerfectGifs Noway home\nMultiverse of Madness\nShang-Chi\nEternals\nBlack widow",
    "likes": 0,
    "retweets": 0
},
{
    "id": 1523388267839643650,
    "user_id": 944269066734309376,
    "created_at": "2022-05-08 19:44:00+00:00",
    "device": "Twitter for iPhone",
    "text": "sue is literally known as marvel\u2019s first mother\u2026 https://t.co/w5cncYEgNX",
    "likes": 0,
    "retweets": 0
},
{
    "id": 1523388274806456322,
    "user_id": 1442761092611117057,
    "created_at": "2022-05-08 19:44:02+00:00",
    "device": "Twitter for iPhone",
    "text": "@MrEatYaAss insanely ugly",
    "likes": 0,
    "retweets": 0
},
{
    "id": 1523388278111875072,
    "user_id": 143069782,
    "created_at": "2022-05-08 19:44:03+00:00",
    "device": "Twitter for Android",
    "text": "\ud83d\udc40\ud83d\udc40\ud83d\udc40\ud83d\udc40\ud83d\udc40\nSpidey\nMadness\nShang Chi\nEternals\n\nBlack Widow https://t.co/3jlX8pqpOy",
    "likes": 0,
    "retweets": 0
},
{
    "id": 1523388276647751681,
    "user_id": 73460895,
    "created_at": "2022-05-08 19:44:02+00:00",
    "device": "Twitter for iPhone",
    "text": "#MCUMarchSadness Day 27\n\n- Captain Marvel v Jimmy Woo https://t.co/yxn6tbPiDQ\n- Thor v Black Widow https://t.co/O9n0ULiLf3\n- Doc Ock v Rocket https://t.co/pDQBWDrFEm\n- Scarlet Witch v Yelena Belova https://t.co/VgBcgSn8MR\n\nBracket - https://t.co/U1Mrn01b2k https://t.co/9lIt7Xb1yY",
    "likes": 0,
    "retweets": 0
},
{
    "id": 1523388281169211392,
    "user_id": 967124696,
    "created_at": "2022-05-08 19:44:04+00:00",
    "device": "dlvr.it",
    "text": "'Doctor Strange' conjures big box office opening for Marvel https://t.co/evjIwQDsUq https://t.co/pksEp1JnGb",
    "likes": 0,
    "retweets": 0
},
{
    "id": 1523388280120971265,
    "user_id": 1403791426668822530,
    "created_at": "2022-05-08 19:44:03+00:00",
    "device": "Twitter for Android",
    "text": "Now your tl will look like u have followed a mcu Stan acc",
    "likes": 0,
    "retweets": 0
},
{
    "id": 1523388283442450432,
    "user_id": 1278316214876426240,
    "created_at": "2022-05-08 19:44:04+00:00",
    "device": "Twitter for Android",
    "text": "@gjkcentral Moon Knight was worse than Far from Home AND Hawkeye? Damn",
    "likes": 0,
    "retweets": 0
},
{
    "id": 1523388286718595074,
    "user_id": 1318923639937523713,
    "created_at": "2022-05-08 19:44:05+00:00",
    "device": "Twitter for iPhone",
    "text": "@SlimThompy I\u2019m with you!! \nEsp that second end credits scene \ud83d\ude09\ud83e\udd2b",
    "likes": 0,
    "retweets": 0
},
{
    "id": 1523388285334085632,
    "user_id": 2878489416,
    "created_at": "2022-05-08 19:44:05+00:00",
    "device": "Twitter for iPhone",
    "text": "My new google chrome theme! Updated this Spider-Man No way Home drawing! https://t.co/h6U8cai5DK",
    "likes": 1,
    "retweets": 0
},
{
    "id": 1523388284033925121,
    "user_id": 1102997094489440261,
    "created_at": "2022-05-08 19:44:04+00:00",
    "device": "Twitter for Android",
    "text": "i feel like everything you mentioned is \"new/stand alone\" and MoM is a continuation of phase 3 https://t.co/ys4gO8BdVZ",
    "likes": 0,
    "retweets": 0
},
{
    "id": 1523388285267062784,
    "user_id": 1197591966013427712,
    "created_at": "2022-05-08 19:44:05+00:00",
    "device": "Cheap Bots, Done Quick!",
    "text": "PARKER, I WANT PICTURES OF SPIDER-MAN'S SMILE",
    "likes": 0,
    "retweets": 0
},
{
    "id": 1523388285758078976,
    "user_id": 31370199,
    "created_at": "2022-05-08 19:44:05+00:00",
    "device": "Twitter Web App",
    "text": "Doctor Who Vs Doctor Strange , \nWhile Doctor Doom implants them with voice boxes \n@ComicBook @MarvelStudios  imagine that",
    "likes": 0,
    "retweets": 0
},
{
    "id": 1523388287888420864,
    "user_id": 763736492,
    "created_at": "2022-05-08 19:44:05+00:00",
    "device": "Twitter for iPhone",
    "text": "eternals, mom, shang-chi, nwh et bw https://t.co/AWEazFWqYj",
    "likes": 0,
    "retweets": 0
},
{
    "id": 1523388288840609792,
    "user_id": 1008712588899831808,
    "created_at": "2022-05-08 19:44:05+00:00",
    "device": "Twitter for iPhone",
    "text": "Oh no, here come the DC and Marvel Comic Stans \ud83d\ude2d https://t.co/dB3WgeBroz",
    "likes": 0,
    "retweets": 0
},
{
    "id": 1523388290384429056,
    "user_id": 1454778769600700426,
    "created_at": "2022-05-08 19:44:06+00:00",
    "device": "Twitter",
    "text": "Los Angeles Times altered a news headline: https://t.co/rU1zYaQ4yA https://t.co/s2q5Acb15G",
    "likes": 0,
    "retweets": 0
},
{
    "id": 1523388289767514113,
    "user_id": 534481608,
    "created_at": "2022-05-08 19:44:06+00:00",
    "device": "Twitter for iPhone",
    "text": "nwh/mom\nnwh/mom/shangchi\nmom/shangchi\nEternals\nBlack Widow\n\nWill give definitive ranking after I watch. Also Hawkeye is still the worst show they\u2019ve released. Moon knight barely scraped by it. I finished what if and it was okay https://t.co/snMK8SqVYD",
    "likes": 0,
    "retweets": 0
},
{
    "id": 1523388295002357760,
    "user_id": 3409070127,
    "created_at": "2022-05-08 19:44:07+00:00",
    "device": "Twitter for iPhone",
    "text": "Doctor strange was booty cheeks man. Awful.",
    "likes": 0,
    "retweets": 0
},
{
    "id": 1523388293744033792,
    "user_id": 388652435,
    "created_at": "2022-05-08 19:44:07+00:00",
    "device": "Twitter for Android",
    "text": "@TheRapNerdJso Nah these grades don't mean shit. It's making bank. They need to give Raimi another Spider-Man movie and an X-Men movie while he's available lol",
    "likes": 0,
    "retweets": 0
},
{
    "id": 1523388294645846018,
    "user_id": 1317609023265439751,
    "created_at": "2022-05-08 19:44:07+00:00",
    "device": "Twitter for iPhone",
    "text": "NWH\nMoM\nShang-Chi\nBW\nEternals https://t.co/Mj3gjXqC0G",
    "likes": 0,
    "retweets": 0
},
{
    "id": 1523388293819248641,
    "user_id": 1343425717111951360,
    "created_at": "2022-05-08 19:44:07+00:00",
    "device": "Twitter for Android",
    "text": "CW // #MoonKnight spoilers\n-\n-\n-\n-\n-\n-\nGO GO GO GO GO GO RUN",
    "likes": 0,
    "retweets": 0
},
{
    "id": 1523388294314135553,
    "user_id": 1051991624627179520,
    "created_at": "2022-05-08 19:44:07+00:00",
    "device": "Twitter for Android",
    "text": "@jrvsscarlet I don't see much of a difference \ud83d\ude48",
    "likes": 0,
    "retweets": 0
},
{
    "id": 1523388301138292737,
    "user_id": 765498547781468160,
    "created_at": "2022-05-08 19:44:08+00:00",
    "device": "Twitter for iPhone",
    "text": "1. no way home\n2. dr. strange\n3. shang chi\n4. eternals\n5. black widow https://t.co/uYHjCs4x62",
    "likes": 0,
    "retweets": 0
},
{
    "id": 1523388301251538949,
    "user_id": 1395198210172391426,
    "created_at": "2022-05-08 19:44:08+00:00",
    "device": "Twitter for Android",
    "text": "Wanda's actions would've led to the death of trillions and more https://t.co/1DhA30IfRE",
    "likes": 0,
    "retweets": 0
},
{
    "id": 1523388300983103489,
    "user_id": 1682956016,
    "created_at": "2022-05-08 19:44:08+00:00",
    "device": "Twitter Web App",
    "text": "Y'all don't understand how hyped I get as an older nerd/geek whenever a graphic novel or comic book series outside of DC and Marvel gets an adaptation of any medium. I'm so happy that they're being considered exceptional source material by studios for the big and small screens. https://t.co/EwGPfiXxsu",
    "likes": 0,
    "retweets": 0
},
{
    "id": 1523388304078815232,
    "user_id": 1508772067285606400,
    "created_at": "2022-05-08 19:44:09+00:00",
    "device": "Twitter for Android",
    "text": "@drip_marvel @DanielRPK His weakness is also magic...",
    "likes": 0,
    "retweets": 0
},
{
    "id": 1523388308193447936,
    "user_id": 172119315,
    "created_at": "2022-05-08 19:44:10+00:00",
    "device": "Twitter for iPhone",
    "text": "- No Way Home \n\n- Shang Chi \n\n- Multiverse of Madness \n\n- Black Widow \n\n- Eternals https://t.co/i8ZGdGRa5r",
    "likes": 0,
    "retweets": 0
},
{
    "id": 1523388306129506305,
    "user_id": 1171610364708106248,
    "created_at": "2022-05-08 19:44:10+00:00",
    "device": "Twitter for iPhone",
    "text": "Starting today, i am gonna post my top 60 George Perez comicbook covers from all time! Starting with number 60 is this Man-Wolf cover from Marvel premiere issue 45. Love how Man-Wolf pose with the sword. https://t.co/c3CXIbRrLx",
    "likes": 0,
    "retweets": 0
},
{
    "id": 1523388307924606976,
    "user_id": 1474070397985431565,
    "created_at": "2022-05-08 19:44:10+00:00",
    "device": "Twitter for iPhone",
    "text": "I\u2019ve seen this complaint a few times and who knows, maybe the MCU suddenly has no plan, but I think of Phase 4 as flinging open the doors to new characters and the multiverse. The next phases will narrow back down to whatever the big story is going to be. https://t.co/UCUqLINY9M",
    "likes": 0,
    "retweets": 0
},
{
    "id": 1523388308105351169,
    "user_id": 1143522913569689601,
    "created_at": "2022-05-08 19:44:10+00:00",
    "device": "Twitter for iPhone",
    "text": "Multiverse/No Way Home\nShang-Chi\nBlack Widow\nI won\u2019t even acknowledge that last movie it was terrible https://t.co/xyD2Rq4E9u",
    "likes": 0,
    "retweets": 0
},
{
    "id": 1523388310890356737,
    "user_id": 1120871379157438464,
    "created_at": "2022-05-08 19:44:11+00:00",
    "device": "Twitter for Android",
    "text": "#MoonKnight where layla and marc were called \"Mr and Mrs El-Faouly\" and marc fully committed https://t.co/HNqOtKFjkC",
    "likes": 0,
    "retweets": 0
},
{
    "id": 1523388310210883584,
    "user_id": 1479776918299983875,
    "created_at": "2022-05-08 19:44:10+00:00",
    "device": "Twitter for iPhone",
    "text": "@Browntable_Ent Anyone know if that\u2019s the end for captain carter already? I wanted to see more of her in the future",
    "likes": 0,
    "retweets": 0
},
{
    "id": 1523388310441574401,
    "user_id": 1484164857742372866,
    "created_at": "2022-05-08 19:44:11+00:00",
    "device": "Twitter Web App",
    "text": "@EverybodyIsA10 She is Famous Now and More than anyone\nI ain't talking about All time\nIt's just at present\nScarlet witch is the topic discussed",
    "likes": 0,
    "retweets": 0
},
{
    "id": 1523388311649525761,
    "user_id": 935643630471204864,
    "created_at": "2022-05-08 19:44:11+00:00",
    "device": "Twitter for Android",
    "text": "@DarkDefective No, the first mistake was to not making that spider-man stopped following and idotralizing iron man",
    "likes": 0,
    "retweets": 0
},
{
    "id": 1523388316149641216,
    "user_id": 2992547750,
    "created_at": "2022-05-08 19:44:12+00:00",
    "device": "Twitter for iPhone",
    "text": "god damn i hope they make a season 2 of moon knight",
    "likes": 0,
    "retweets": 0
},
{
    "id": 1523388314786533376,
    "user_id": 855248923,
    "created_at": "2022-05-08 19:44:12+00:00",
    "device": "Twitter for iPhone",
    "text": "@jetsyO_o but kryptonite up the ass??? all you gotta do is just put it in the area and bros folding",
    "likes": 0,
    "retweets": 0
},
{
    "id": 1523388313935433728,
    "user_id": 1426412090621939717,
    "created_at": "2022-05-08 19:44:11+00:00",
    "device": "Twitter for Android",
    "text": "@MCUPerfectGifs 1. No way home\n2. Eternals\n3. Shang-Chi\n4. Multiverse of Madness\n5. Black Widow",
    "likes": 0,
    "retweets": 0
},
{
    "id": 1523388318641442816,
    "user_id": 46385204,
    "created_at": "2022-05-08 19:44:13+00:00",
    "device": "Twitter for iPhone",
    "text": "Omggggggggg the way I had THREE of these on VHS because I played them so damn much \ud83d\ude2d\ud83d\ude2d\ud83d\ude2d Wolverine and that accent tho \ud83e\udee0 https://t.co/P0Fr3HccsR",
    "likes": 0,
    "retweets": 0
},
{
    "id": 1523388319643860992,
    "user_id": 1172454659086307328,
    "created_at": "2022-05-08 19:44:13+00:00",
    "device": "Twitter for iPhone",
    "text": "@MasterTainment I was wondering where vision was",
    "likes": 0,
    "retweets": 0
},
{
    "id": 1523388319010156544,
    "user_id": 1428166759480188930,
    "created_at": "2022-05-08 19:44:13+00:00",
    "device": "Twitter for iPhone",
    "text": "The Last Jedi being number 5\ud83d\ude0e https://t.co/h8I9F1h31E",
    "likes": 0,
    "retweets": 0
},
{
    "id": 1523388317902901248,
    "user_id": 3233551572,
    "created_at": "2022-05-08 19:44:12+00:00",
    "device": "Twitter for Android",
    "text": "@AngarScreamer @WokeMelo @MCU_Direct Yeah he would be an old ass Johnny Storm. Johnny should be closer to Peter Parker Spiderman age. Get Dacre Montgomery",
    "likes": 0,
    "retweets": 0
},
{
    "id": 1523388319165419520,
    "user_id": 1275570196409958400,
    "created_at": "2022-05-08 19:44:13+00:00",
    "device": "Twitter for iPhone",
    "text": "im so FUCKING SAD leave me alone https://t.co/GoiA0q7k6G",
    "likes": 0,
    "retweets": 0
},
{
    "id": 1523388323833602048,
    "user_id": 1518967861,
    "created_at": "2022-05-08 19:44:14+00:00",
    "device": "Twitter for iPhone",
    "text": "1. No Way Home\n2. Black Widow\n3. Multiverse of Madness\n4. Shang-Chi\n5. Eternals https://t.co/l2L2ZBqNsN",
    "likes": 0,
    "retweets": 0
},
{
    "id": 1523388323049353216,
    "user_id": 1495824710160031747,
    "created_at": "2022-05-08 19:44:14+00:00",
    "device": "Twitter for iPhone",
    "text": "The speed of thought is the fastest to exist. You thought you ate. https://t.co/qJeuuxn1xN",
    "likes": 0,
    "retweets": 0
},
{
    "id": 1523388325284831233,
    "user_id": 1387778820514648069,
    "created_at": "2022-05-08 19:44:14+00:00",
    "device": "Twitter for Android",
    "text": "@pinkheartagus @WeezerLuverr @13eechamFR Its the best show too",
    "likes": 0,
    "retweets": 0
},
{
    "id": 1523388324357894144,
    "user_id": 2820732736,
    "created_at": "2022-05-08 19:44:14+00:00",
    "device": "Twitter for iPhone",
    "text": "The only \u201cmadness\u201d in this multiverse is that I haven\u2019t seen Doctor Strange 2 yet",
    "likes": 0,
    "retweets": 0
},
{
    "id": 1523388328535822336,
    "user_id": 1123693698322190338,
    "created_at": "2022-05-08 19:44:15+00:00",
    "device": "Twitter for iPhone",
    "text": "@edgouldsbury20 Hardly",
    "likes": 0,
    "retweets": 0
},
{
    "id": 1523388327365255170,
    "user_id": 1106156500827947008,
    "created_at": "2022-05-08 19:44:15+00:00",
    "device": "Twitter for iPhone",
    "text": "MoM &gt; the rest https://t.co/5nJpxE13h2",
    "likes": 0,
    "retweets": 0
},
{
    "id": 1523388329458233344,
    "user_id": 2868033389,
    "created_at": "2022-05-08 19:44:15+00:00",
    "device": "Twitter for iPhone",
    "text": "@clhubes With great power comes so. much. complaining.",
    "likes": 0,
    "retweets": 0
},
{
    "id": 1523388327495303168,
    "user_id": 105365526,
    "created_at": "2022-05-08 19:44:15+00:00",
    "device": "Twitter for iPhone",
    "text": "I haven\u2019t seen MoM yet but the end of Loki and all this multiverse stuff is pointing towards 2015 version of the Secret Wars https://t.co/QaiFYZhHMI",
    "likes": 0,
    "retweets": 0
},
{
    "id": 1523388329932181505,
    "user_id": 928062732636688384,
    "created_at": "2022-05-08 19:44:15+00:00",
    "device": "Twitter for Android",
    "text": "@ComicGirlAshley That's not true though? ITSV has one but like every other Marvel Canon just has its own universe.",
    "likes": 0,
    "retweets": 0
},
{
    "id": 1523388332180262914,
    "user_id": 2896713264,
    "created_at": "2022-05-08 19:44:16+00:00",
    "device": "Twitter for Android",
    "text": "The MCU and its consequences https://t.co/0hsBb4ovKF",
    "likes": 0,
    "retweets": 0
},
{
    "id": 1523388332993966081,
    "user_id": 1493007395676639237,
    "created_at": "2022-05-08 19:44:16+00:00",
    "device": "Twitter for Android",
    "text": "just once i wanna watch smthn with did/osdd representation w/o people considering a protector{s} of the system the \"evil alter\"",
    "likes": 0,
    "retweets": 0
},
{
    "id": 1523388333342490624,
    "user_id": 3479721012,
    "created_at": "2022-05-08 19:44:16+00:00",
    "device": "Twitter for iPhone",
    "text": "I know these are not good movies I know this but god damn I still love them I\u2019m saying this now so that when this tweet becomes true people won\u2019t think I\u2019m on the bandwagon \ud83d\ude02\ud83d\ude02 https://t.co/BJdil8KHuu",
    "likes": 0,
    "retweets": 0
},
{
    "id": 1523388331735719936,
    "user_id": 1363771518979874817,
    "created_at": "2022-05-08 19:44:16+00:00",
    "device": "Twitter for iPhone",
    "text": "Shang Chi\nDr.Strange: MOM\nBlack Widow\nEternals\nSpiderman:No way Home https://t.co/fML4B4oDUI",
    "likes": 0,
    "retweets": 0
},
{
    "id": 1523388331102334976,
    "user_id": 1207328707498708992,
    "created_at": "2022-05-08 19:44:15+00:00",
    "device": "Twitter for Android",
    "text": "Only mcu actor who has before was rdj",
    "likes": 0,
    "retweets": 0
},
{
    "id": 1523388334797574145,
    "user_id": 966010317548457985,
    "created_at": "2022-05-08 19:44:16+00:00",
    "device": "Twitter for Android",
    "text": "@peachigummy Like; all Marvel does press for the CIA, but Krasinski is like a true believer. He shills for them not just because its good money.\n\nPretty sure he has family in the CIA.",
    "likes": 0,
    "retweets": 0
},
{
    "id": 1523388336882081792,
    "user_id": 1421908934940573705,
    "created_at": "2022-05-08 19:44:17+00:00",
    "device": "Twitter for Android",
    "text": "better movies gets a better score? https://t.co/11Vmea4IAN",
    "likes": 0,
    "retweets": 0
},
{
    "id": 1523388336211394560,
    "user_id": 2776876945,
    "created_at": "2022-05-08 19:44:17+00:00",
    "device": "Twitter for iPhone",
    "text": "Idk what\u2019s going on with Marvel\u2019s writers and directors but they need a nap https://t.co/VcDHlQj8Eu",
    "likes": 0,
    "retweets": 0
},
{
    "id": 1523388336978612225,
    "user_id": 2558230778,
    "created_at": "2022-05-08 19:44:17+00:00",
    "device": "Twitter for iPhone",
    "text": "Convinced my mama to go see Doctor Strange with me. Told her she can eat at the theater \ud83d\ude02",
    "likes": 0,
    "retweets": 0
},
{
    "id": 1523388338488578050,
    "user_id": 1498231419482476544,
    "created_at": "2022-05-08 19:44:17+00:00",
    "device": "Twitter Web App",
    "text": "@MCUReport WandaVision Shang-Chi Moon Knight",
    "likes": 0,
    "retweets": 0
},
{
    "id": 1523388334823067648,
    "user_id": 1018515413339201536,
    "created_at": "2022-05-08 19:44:16+00:00",
    "device": "Twitter for iPhone",
    "text": "@MCUPerfectGifs spider-man, black widow, Dr strange, shang chi, eternals",
    "likes": 0,
    "retweets": 0
},
{
    "id": 1523388337213800448,
    "user_id": 3323836931,
    "created_at": "2022-05-08 19:44:17+00:00",
    "device": "Twitter for iPhone",
    "text": "@MCUPerfectGifs NWH\nEternals \nShang chi \nBlack widow \nMOM",
    "likes": 0,
    "retweets": 0
},
{
    "id": 1523388335267270656,
    "user_id": 1523370646172061697,
    "created_at": "2022-05-08 19:44:16+00:00",
    "device": "Twitter for iPhone",
    "text": "i watched doctor strange 2 two days ago and i still can\u2019t process what just happened",
    "likes": 0,
    "retweets": 0
},
{
    "id": 1523388335695171585,
    "user_id": 1384083056244400137,
    "created_at": "2022-05-08 19:44:17+00:00",
    "device": "Twitter for Android",
    "text": "@JacquiPinol @nycscr Love you sis \ud83d\ude0d I'm in Wales xxxx https://t.co/qHYfLqveUa",
    "likes": 0,
    "retweets": 0
},
{
    "id": 1523388337117048832,
    "user_id": 1266729934535503872,
    "created_at": "2022-05-08 19:44:17+00:00",
    "device": "Twitter for iPhone",
    "text": "@itsnotjess123 Every actor does Marvel to pay the bills! Glenn Close was in Guardians of the Galaxy to primarily fund an independent film she so wanted to make. In the end, it\u2019s all good business.",
    "likes": 0,
    "retweets": 0
},
{
    "id": 1523388342598922240,
    "user_id": 1499558059282247719,
    "created_at": "2022-05-08 19:44:18+00:00",
    "device": "Twitter Web App",
    "text": "@ThisPatGuy I actually liked the first movie. \n\nThe second one can fuck off.",
    "likes": 0,
    "retweets": 0
},
{
    "id": 1523388344973279232,
    "user_id": 1356278348461318147,
    "created_at": "2022-05-08 19:44:19+00:00",
    "device": "Twitter for iPhone",
    "text": "@13eechamFR Moon knight the best one imo https://t.co/vqHdDt6m9J",
    "likes": 0,
    "retweets": 0
},
{
    "id": 1523388346483212288,
    "user_id": 748547165107134464,
    "created_at": "2022-05-08 19:44:19+00:00",
    "device": "Twitter for Android",
    "text": "@Joe08984862 Glad you enjoyed it \u263a\ufe0f",
    "likes": 0,
    "retweets": 0
},
{
    "id": 1523388345107107841,
    "user_id": 1346669495377682436,
    "created_at": "2022-05-08 19:44:19+00:00",
    "device": "Twitter for Android",
    "text": "@PSYCHOWITTZS how can i save the video",
    "likes": 0,
    "retweets": 0
},
{
    "id": 1523388345505656833,
    "user_id": 3049943302,
    "created_at": "2022-05-08 19:44:19+00:00",
    "device": "Twitter for iPhone",
    "text": "Nah cus now I\u2019m really debating going to the movies again to go see #MultiverseOfMadness",
    "likes": 0,
    "retweets": 0
},
{
    "id": 1523388345665024000,
    "user_id": 995061261909024769,
    "created_at": "2022-05-08 19:44:19+00:00",
    "device": "Twitter for Android",
    "text": "@aoumaximoff Worst thing ever ,that your sons run away from their mother...",
    "likes": 0,
    "retweets": 0
},
{
    "id": 1523388349981261825,
    "user_id": 1469434177858715649,
    "created_at": "2022-05-08 19:44:20+00:00",
    "device": "Twitter Web App",
    "text": "Category /Sector:Ziauddin University Medical Staff Jobs\nPublish In:Dawn Jobs\nDate Published:08 May, 2022\nCategory /Sector:Government\nEducation:MBBS | MS | Others\n#pakjobseekers\nJob Details on Below Link\nhttps://t.co/lThFUcqmgi\n #DoctorStrange",
    "likes": 0,
    "retweets": 0
},
{
    "id": 1523388351042121728,
    "user_id": 46597758,
    "created_at": "2022-05-08 19:44:20+00:00",
    "device": "Twitter Web App",
    "text": "#Marvel #Rating Ms. Marvel - Beyond the Limit 5 gets 3 out of 5",
    "likes": 0,
    "retweets": 0
},
{
    "id": 1523388347309191168,
    "user_id": 1407823836968632322,
    "created_at": "2022-05-08 19:44:19+00:00",
    "device": "Twitter for iPhone",
    "text": "@Garfield The so-so Spider-Man popsicle stick https://t.co/Atv6NNfScT",
    "likes": 0,
    "retweets": 0
},
{
    "id": 1523388348588769280,
    "user_id": 1466275190959230976,
    "created_at": "2022-05-08 19:44:20+00:00",
    "device": "Twitter for iPhone",
    "text": "@JavierJChapa1 Wanda Loves Emotionless Bald Men with Immense power",
    "likes": 0,
    "retweets": 0
},
{
    "id": 1523388348319997952,
    "user_id": 774671977802043392,
    "created_at": "2022-05-08 19:44:20+00:00",
    "device": "Twitter for iPad",
    "text": "Man I\u2019ll finally start to like Wanda\u2019s character again, and then her stupid ass stans make me start to dislike her.\nI don\u2019t think a fandom has ever genuinely made me dislike a character more than the Wanda community. #MultiverseOfMadness #AmericaChavez #WandaMaximoff #Wong",
    "likes": 0,
    "retweets": 0
},
{
    "id": 1523388349121134592,
    "user_id": 1428732718888755200,
    "created_at": "2022-05-08 19:44:20+00:00",
    "device": "Twitter for Android",
    "text": "Received my new Punisher cosplay photo from Hikary Photography (Instagram)... I really love the vibe \u263a\ufe0f\ud83d\udd25 #ThePunisher #Marvel #marvelcosplay #cosplay https://t.co/A7B1HavsQ1",
    "likes": 0,
    "retweets": 0
},
{
    "id": 1523388354229723137,
    "user_id": 2765999105,
    "created_at": "2022-05-08 19:44:21+00:00",
    "device": "Twitter for iPhone",
    "text": "Nigga whet?? Lol \n\nDo you live in a cave my boa \ud83d\ude02 https://t.co/FWRBoEAnqn",
    "likes": 0,
    "retweets": 0
},
{
    "id": 1523388351885168640,
    "user_id": 23341562,
    "created_at": "2022-05-08 19:44:20+00:00",
    "device": "Twitter for iPhone",
    "text": "Was that America Chavez or Ms Marvel/Squirrel Girl?!? Wrong personality there lool #LetsTalkDoctorStrange",
    "likes": 0,
    "retweets": 0
},
{
    "id": 1523388353067950080,
    "user_id": 140194681,
    "created_at": "2022-05-08 19:44:21+00:00",
    "device": "Twitter for Android",
    "text": "Yall didn't know where Phase 1-3 was going either when they first came out. You can say this now cause you can binge all the movies. Shut up https://t.co/d3ur4XeThd",
    "likes": 0,
    "retweets": 0
},
{
    "id": 1523388351964794880,
    "user_id": 742863762818895872,
    "created_at": "2022-05-08 19:44:20+00:00",
    "device": "Twitter for Android",
    "text": "I've only seen Shang-Chi and Black Widow. Shang-Chi was fine. Black Widow was pretty bad. Not seeing the Eternals. My wife will make me watch Spiderman and the Wizard and I'm interested in the Raimi Strange. Otherwise I'm over Marvel. https://t.co/Pk7UnXveuX",
    "likes": 0,
    "retweets": 0
},
{
    "id": 1523388355509391360,
    "user_id": 716750178074697728,
    "created_at": "2022-05-08 19:44:21+00:00",
    "device": "Twitter for Android",
    "text": "@ClayTravis Alright!!!!!",
    "likes": 0,
    "retweets": 0
},
{
    "id": 1523388354028396544,
    "user_id": 199892692,
    "created_at": "2022-05-08 19:44:21+00:00",
    "device": "Twitter for iPhone",
    "text": "Ok, props to Sam Raimi and Michael Waldron for making me *like* a doctor strange sequel! The formula is definitely surrounding him with much more interesting women but it worked.",
    "likes": 0,
    "retweets": 0
},
{
    "id": 1523388360567377920,
    "user_id": 898921086946955264,
    "created_at": "2022-05-08 19:44:23+00:00",
    "device": "Twitter for iPhone",
    "text": "Okay confirmed, Wanda is the best MCU villain. \ud83d\ude24#MultiverseOfMadness",
    "likes": 0,
    "retweets": 0
},
{
    "id": 1523388360789999616,
    "user_id": 50009021,
    "created_at": "2022-05-08 19:44:23+00:00",
    "device": "Twitter for iPhone",
    "text": "Really enjoyed #DoctorStrange in the Multiverse of Madness. However, those stinger scenes ain\u2019t hitting like they used too.",
    "likes": 0,
    "retweets": 0
},
{
    "id": 1523388362542919680,
    "user_id": 102011909,
    "created_at": "2022-05-08 19:44:23+00:00",
    "device": "Twitter for iPhone",
    "text": "I\u2019m getting this made. I\u2019m not playin one bit. https://t.co/kXFmoeSsQh",
    "likes": 0,
    "retweets": 0
},
{
    "id": 1523388364443230209,
    "user_id": 1466236707905449986,
    "created_at": "2022-05-08 19:44:23+00:00",
    "device": "Twitter for iPhone",
    "text": "@MCUReport Spider-Man \u2014 Moon Knight \u2014 Hawkeye\n\nWandaVision is also up there but I was anticipating these three the most, and the first 3 episodes of WandaVision were wasted. The last episode of MK was also disappointing.",
    "likes": 0,
    "retweets": 0
},
{
    "id": 1523388366271569920,
    "user_id": 1515973478620577792,
    "created_at": "2022-05-08 19:44:24+00:00",
    "device": "Twitter for iPhone",
    "text": "@NolanstellarG @dirtysoks @comic_coalition @ECNALHANID Good thing it\u2019s a different universe",
    "likes": 0,
    "retweets": 0
},
{
    "id": 1523388364388323329,
    "user_id": 1406167433870708739,
    "created_at": "2022-05-08 19:44:23+00:00",
    "device": "Twitter for Android",
    "text": "// #MultiverseOfMadness SPOILERS\n.\n.\n.\nY'all really losing sleep over one line when Peggy was literally a female soldier in the fucking 40s meanwhile Steve (even if he was a scrawny ph4q) was a grown man so i don't really get the oppression olympics you're trying to start here https://t.co/fxO8Rd6Tkb",
    "likes": 0,
    "retweets": 0
},
{
    "id": 1523388365806088192,
    "user_id": 1082043127,
    "created_at": "2022-05-08 19:44:24+00:00",
    "device": "Twitter for iPhone",
    "text": "A thing for me too is the movie felt a little less like an MCU entry and more like I just picked up the latest issue of doctor strange and read through the comic. Maybe that\u2019s something I wanted more of from these characters and that\u2019s why this worked for me.",
    "likes": 0,
    "retweets": 0
},
{
    "id": 1523388365290180612,
    "user_id": 1042530089328697345,
    "created_at": "2022-05-08 19:44:24+00:00",
    "device": "Twitter for iPhone",
    "text": "@DarrickPatrick How is \u2018We Have Demons?\u2019",
    "likes": 0,
    "retweets": 0
},
{
    "id": 1523388367295365120,
    "user_id": 976675157900234752,
    "created_at": "2022-05-08 19:44:24+00:00",
    "device": "Twitter for iPad",
    "text": "@RackSpinner When I was little I was convinced that was #TheSpectre on this #MoonKnight cover.",
    "likes": 0,
    "retweets": 0
},
{
    "id": 1523388365478895616,
    "user_id": 2983282111,
    "created_at": "2022-05-08 19:44:24+00:00",
    "device": "Twitter for iPhone",
    "text": "@24arjonathan LETS GOOOOOOOOOOOO",
    "likes": 0,
    "retweets": 0
},
{
    "id": 1523388370168164353,
    "user_id": 2560358890,
    "created_at": "2022-05-08 19:44:25+00:00",
    "device": "Twitter for iPhone",
    "text": "Sam Raimi directing an MCU movie 20 years after the first live-action Spider-Man movie is just the perfect storm.",
    "likes": 0,
    "retweets": 0
},
{
    "id": 1523388368406548481,
    "user_id": 801842018146275328,
    "created_at": "2022-05-08 19:44:24+00:00",
    "device": "Twitter for iPad",
    "text": "Donation commissions for Ukraine! \ud83c\uddfa\ud83c\udde6\n[please RT\ud83e\udd7a\ud83d\udc94]\nI open new slots in my painting style! All the money will be donated to Ukrainians. Our flag means death, marvel fanarts only! If you want to get a slot, you can dm me \ud83d\udc99\ud83d\udc9b\nPeople are dying, help if you can and please share\ud83d\udc95 https://t.co/fy3nmtHsy6",
    "likes": 0,
    "retweets": 0
},
{
    "id": 1523388368855306240,
    "user_id": 1137021954643308546,
    "created_at": "2022-05-08 19:44:24+00:00",
    "device": "Twitter for iPhone",
    "text": "@13eechamFR Ya lmao but moonknight the only one that\u2019s not like super mcu heavy if u wanna start on that",
    "likes": 0,
    "retweets": 0
},
{
    "id": 1523388374144282625,
    "user_id": 1343425717111951360,
    "created_at": "2022-05-08 19:44:26+00:00",
    "device": "Twitter for Android",
    "text": "CW // #MoonKnight spoilers\n-\n-\n-\n-\n-\n-\nFUCK FUCK FUCK\nCOME ON MY LOVES RUN",
    "likes": 0,
    "retweets": 0
},
{
    "id": 1523388374194614272,
    "user_id": 1488307605395189760,
    "created_at": "2022-05-08 19:44:26+00:00",
    "device": "Twitter for iPhone",
    "text": "@maggyr48 That movie was garbage low key, wasn\u2019t that good, got too hyped up by the previews",
    "likes": 0,
    "retweets": 0
},
{
    "id": 1523388376803471360,
    "user_id": 1319500220867162113,
    "created_at": "2022-05-08 19:44:26+00:00",
    "device": "Twitter for Android",
    "text": "@Noyis_ Spiderman\nShang-Chi \nDoctor Strange \nEternals (Me gusta pero a la vez no)\nBlack Widow",
    "likes": 0,
    "retweets": 0
}]