[{
    "id": 1523388377478754304,
    "user_id": 1519656398669365252,
    "created_at": "2022-05-08 19:44:27+00:00",
    "device": "Twitter for Android",
    "text": "@DresdenWarlock @V2Jake @Michaeljoh20 @Stuntman_MIK3 Did you even watch NWH???? Not only the same actor the same character being Daredevil that he even caught a brick that was being thrown towards Peter, reacting quicker that the Spidersense.",
    "likes": 0,
    "retweets": 0
},
{
    "id": 1523388380695855105,
    "user_id": 1141968090441420800,
    "created_at": "2022-05-08 19:44:27+00:00",
    "device": "Twitter for Android",
    "text": "Docteur strange\nEternals\nSpiderman\nShang chi\nFraude de black widow https://t.co/XTGIktnnmb",
    "likes": 0,
    "retweets": 0
},
{
    "id": 1523388384412020736,
    "user_id": 145908532,
    "created_at": "2022-05-08 19:44:28+00:00",
    "device": "Twitter for iPhone",
    "text": "1. NWH\n2. Shang-Chi\n3. MoM\n4. Black Widow\n5. Eternals https://t.co/TzJdPHVxAh",
    "likes": 0,
    "retweets": 0
},
{
    "id": 1523388385867743234,
    "user_id": 3233551572,
    "created_at": "2022-05-08 19:44:29+00:00",
    "device": "Twitter for Android",
    "text": "@kwilly462 @WokeMelo @MCU_Direct Dacre Montgomery should be Johnny Storm",
    "likes": 0,
    "retweets": 0
},
{
    "id": 1523388386542710785,
    "user_id": 934643140585238528,
    "created_at": "2022-05-08 19:44:29+00:00",
    "device": "Twitter for iPhone",
    "text": "Spoiler: Doctor Strange is Mr. F",
    "likes": 0,
    "retweets": 0
},
{
    "id": 1523388385213095936,
    "user_id": 839045772,
    "created_at": "2022-05-08 19:44:28+00:00",
    "device": "Twitter for iPhone",
    "text": "@MCUPerfectGifs No Way Home \nMultiverse of Madness \nShang-Chi \nBlack Widow\nEternals",
    "likes": 0,
    "retweets": 0
},
{
    "id": 1523388387717115904,
    "user_id": 1130090883800588288,
    "created_at": "2022-05-08 19:44:29+00:00",
    "device": "Twitter for iPhone",
    "text": "Plus he is an expert hand to hand fighter. Making him win would be a little preposterous and it\u2019s not his movie so I get it but I\u2019m just upset they brought two of my favorite characters and then treated them like the damn Wrecking Crew. Movie was amazing tho don\u2019t get me wrong",
    "likes": 0,
    "retweets": 0
},
{
    "id": 1523388385867755520,
    "user_id": 1130090883800588288,
    "created_at": "2022-05-08 19:44:29+00:00",
    "device": "Twitter for iPhone",
    "text": "Reed Richards who is the smartest marvel character completely underestimated scarlet witch like a braindead idiot. He then also completely snitches Black Bolt\u2019s abilities to her. Not to mention Black Bolt is killed like a chump. His screams can literally combat Thanos in the 1v1",
    "likes": 0,
    "retweets": 0
},
{
    "id": 1523388390091083776,
    "user_id": 1438684685912002564,
    "created_at": "2022-05-08 19:44:30+00:00",
    "device": "Twitter for iPhone",
    "text": "Pre-Order Now: Hot Toys 1/6 Scale The Scarlet Witch - Wanda Vision on @Sideshow. \ud83d\udd17Link in bio! #ad #hottoys #scarletwitch #wanda #wandavision #marvel #mcu \n\nhttps://t.co/YXfRPWl6Aw https://t.co/XDj8UDpl3z",
    "likes": 0,
    "retweets": 0
},
{
    "id": 1523388391961686016,
    "user_id": 150975009,
    "created_at": "2022-05-08 19:44:30+00:00",
    "device": "Twitter for iPhone",
    "text": "@Aye_Yo_Worm Bout to watch it in 45 min",
    "likes": 0,
    "retweets": 0
},
{
    "id": 1523388390527315968,
    "user_id": 1490784230070231040,
    "created_at": "2022-05-08 19:44:30+00:00",
    "device": "Twitter for iPhone",
    "text": "Why does ultra man look like Ironman",
    "likes": 0,
    "retweets": 0
},
{
    "id": 1523388392590905344,
    "user_id": 1362670409896783872,
    "created_at": "2022-05-08 19:44:30+00:00",
    "device": "Twitter for iPhone",
    "text": "what would you guys do if i made a thread explaining All of the Marvel lore",
    "likes": 0,
    "retweets": 0
},
{
    "id": 1523388389654859776,
    "user_id": 3780208522,
    "created_at": "2022-05-08 19:44:29+00:00",
    "device": "Twitter for iPhone",
    "text": "1. MoM\n2. Black Widow\n3. Externals\n\ni haven\u2019t watched shang-chi and spider-man so idk https://t.co/pBxKHuB5Nr",
    "likes": 0,
    "retweets": 0
},
{
    "id": 1523388396437393409,
    "user_id": 1415629215651803136,
    "created_at": "2022-05-08 19:44:31+00:00",
    "device": "Twitter for iPhone",
    "text": "the masked man on his morning jog: (very much slaying) https://t.co/wq3Hs03LVM",
    "likes": 0,
    "retweets": 0
},
{
    "id": 1523388393266180096,
    "user_id": 1146248797221052416,
    "created_at": "2022-05-08 19:44:30+00:00",
    "device": "Twitter for Android",
    "text": "and she was so proud too but she isn't wrong though \ud83d\ude06 then strange goes for the lunch box argument https://t.co/x2MTd7bNtY",
    "likes": 0,
    "retweets": 0
},
{
    "id": 1523388393807179776,
    "user_id": 1480500770336301056,
    "created_at": "2022-05-08 19:44:30+00:00",
    "device": "Twitter for Android",
    "text": "@itsnotjess123 definitely don't",
    "likes": 0,
    "retweets": 0
},
{
    "id": 1523388399306289152,
    "user_id": 508105717,
    "created_at": "2022-05-08 19:44:32+00:00",
    "device": "Twitter for Android",
    "text": "Loki was tough https://t.co/Mi5Fb8OAO4",
    "likes": 0,
    "retweets": 0
},
{
    "id": 1523388399272402945,
    "user_id": 42300544,
    "created_at": "2022-05-08 19:44:32+00:00",
    "device": "Twitter for iPhone",
    "text": "Shang Chi\nNo Way Home\nMultiverse of Madness\nBlack Widow\nEternals https://t.co/udpTWpwTfx",
    "likes": 0,
    "retweets": 0
},
{
    "id": 1523388397616005120,
    "user_id": 1442331310761000966,
    "created_at": "2022-05-08 19:44:31+00:00",
    "device": "Twitter for iPhone",
    "text": "dc if im petty, ill unfriend a mf who posts spoilers of marvel movies",
    "likes": 0,
    "retweets": 0
},
{
    "id": 1523388403579908096,
    "user_id": 1294575938416582656,
    "created_at": "2022-05-08 19:44:33+00:00",
    "device": "Twitter for iPhone",
    "text": "@MynAmeIsedDie90 @azulstreak U don\u2019t get the joke",
    "likes": 0,
    "retweets": 0
},
{
    "id": 1523388404326494208,
    "user_id": 855428700,
    "created_at": "2022-05-08 19:44:33+00:00",
    "device": "Twitter for iPhone",
    "text": "@finalfaerie tbh MCU u got plenty of time the movies are short lol",
    "likes": 0,
    "retweets": 0
},
{
    "id": 1523388403647086593,
    "user_id": 2310552467,
    "created_at": "2022-05-08 19:44:33+00:00",
    "device": "Twitter for iPhone",
    "text": "MoM\nNWH https://t.co/yUI0MnQIxE",
    "likes": 0,
    "retweets": 0
},
{
    "id": 1523388401545728000,
    "user_id": 1452776151714340872,
    "created_at": "2022-05-08 19:44:32+00:00",
    "device": "Twitter for iPhone",
    "text": "Marvel \ud83d\ude05 https://t.co/kNvZdKRa5b",
    "likes": 0,
    "retweets": 0
},
{
    "id": 1523388402262892546,
    "user_id": 749586501005144064,
    "created_at": "2022-05-08 19:44:32+00:00",
    "device": "Twitter for Android",
    "text": "put joe locke in the mcu https://t.co/kypKFYYS5r",
    "likes": 0,
    "retweets": 0
},
{
    "id": 1523388402355167237,
    "user_id": 1458529319844597761,
    "created_at": "2022-05-08 19:44:32+00:00",
    "device": "Twitter for Android",
    "text": "@igniteivan @prettylili10 Ok ok",
    "likes": 0,
    "retweets": 0
},
{
    "id": 1523388403772837888,
    "user_id": 992391051158601728,
    "created_at": "2022-05-08 19:44:33+00:00",
    "device": "Twitter for iPhone",
    "text": "@13eechamFR Disney+ yes, ABC shows yes but you can ignore them, Netflix shows kinda, Hulu shows not really",
    "likes": 0,
    "retweets": 0
},
{
    "id": 1523388402321661952,
    "user_id": 25115374,
    "created_at": "2022-05-08 19:44:32+00:00",
    "device": "Twitter for iPhone",
    "text": "Multiverse of Madness is an elite movie. Absolutely mind blowing, with unsettling moments in a good way to call it a horror marvel movie \ud83d\udc4c\ud83c\udffd",
    "likes": 0,
    "retweets": 0
},
{
    "id": 1523388407174500352,
    "user_id": 1494836728414146563,
    "created_at": "2022-05-08 19:44:34+00:00",
    "device": "Twitter for iPhone",
    "text": "@heroichollywood Strange is nerfed in the 2nd one",
    "likes": 0,
    "retweets": 0
},
{
    "id": 1523388407330009088,
    "user_id": 1248700180142141445,
    "created_at": "2022-05-08 19:44:34+00:00",
    "device": "Twitter for iPhone",
    "text": "@marvelwithrid The Sorcerer who set up the Mystic order was Agamotto so I think he transcribed the book of Vishanti while the Dark Sorcerer who created the Darkhold was his equal and opposite and transcribed it into the walls of the mountain.",
    "likes": 0,
    "retweets": 0
},
{
    "id": 1523388406998650880,
    "user_id": 1322001232324632579,
    "created_at": "2022-05-08 19:44:34+00:00",
    "device": "Twitter for iPhone",
    "text": "i didn\u2019t think i would, but i love sam raimi\u2019s style of direction in #MultiverseOfMadness. i simply think the script &amp; dialogue weren\u2019t NEARLY enough for his visual storytelling abilities.",
    "likes": 0,
    "retweets": 0
},
{
    "id": 1523388407892054016,
    "user_id": 187267159,
    "created_at": "2022-05-08 19:44:34+00:00",
    "device": "Twitter for Android",
    "text": "NW\n\nEternals/Shangchi\nMoM\n\nBlack Widow https://t.co/mrPXuKPcfm",
    "likes": 0,
    "retweets": 0
},
{
    "id": 1523388409955627008,
    "user_id": 1409151776549388296,
    "created_at": "2022-05-08 19:44:34+00:00",
    "device": "Twitter for iPad",
    "text": "@CS11__ Yep same",
    "likes": 0,
    "retweets": 0
},
{
    "id": 1523388411163267072,
    "user_id": 1186383658787201026,
    "created_at": "2022-05-08 19:44:35+00:00",
    "device": "Twitter for iPhone",
    "text": "dont get me wrong like Wanda is mother and all but is it not just super boring that shes so strong it just renders everyone else useless by comparison\u2026 idk maybe itd be more interesting if there was actual competition https://t.co/lcD57LeTDy https://t.co/Pcn59Yzmom",
    "likes": 0,
    "retweets": 0
},
{
    "id": 1523388410299363328,
    "user_id": 75196438,
    "created_at": "2022-05-08 19:44:34+00:00",
    "device": "Twitter for iPhone",
    "text": "Is it drugs or delusion https://t.co/iRNmkx0x24",
    "likes": 0,
    "retweets": 0
},
{
    "id": 1523388411977277440,
    "user_id": 1520060052002197505,
    "created_at": "2022-05-08 19:44:35+00:00",
    "device": "Twitter Web App",
    "text": "@electivecross02 @RawbertBeef Even though he directly kills people and is literally a mercenary lmao",
    "likes": 0,
    "retweets": 0
},
{
    "id": 1523388416016101376,
    "user_id": 1474543925721448449,
    "created_at": "2022-05-08 19:44:36+00:00",
    "device": "Twitter for Android",
    "text": "@blurayangel Thats the marvel edition lol",
    "likes": 0,
    "retweets": 0
},
{
    "id": 1523388418595573760,
    "user_id": 1512719112908288096,
    "created_at": "2022-05-08 19:44:36+00:00",
    "device": "Twitter for Android",
    "text": "How did Jane became Worthy all of a sudden I hope they have a very good explanation for it in the movie https://t.co/64bpJEdgzR",
    "likes": 0,
    "retweets": 0
},
{
    "id": 1523388417622507520,
    "user_id": 458113828,
    "created_at": "2022-05-08 19:44:36+00:00",
    "device": "Twitter for iPhone",
    "text": "\u2018Sting like a bee\u2019\n#MoonKnight #MrKnight \n\nSleeping is hard, stop drawing is harder. https://t.co/S4rvD9kd01",
    "likes": 0,
    "retweets": 0
},
{
    "id": 1523388419808071680,
    "user_id": 1473712470162395141,
    "created_at": "2022-05-08 19:44:37+00:00",
    "device": "Twitter for iPhone",
    "text": "You can\u2019t even give kudos to people with talent anymore on here \ud83d\ude2d https://t.co/mrJiIW0UTV",
    "likes": 0,
    "retweets": 0
},
{
    "id": 1523388421838086144,
    "user_id": 1423287126842478599,
    "created_at": "2022-05-08 19:44:37+00:00",
    "device": "Twitter Web App",
    "text": "@4DXglobal \nHello Team,\n\nI booked tickets of Doctor strange: in the Vegas Dwarka (Delhi) in 4DX.\nThe experience of 4dx was good, the sound quality was awesome. But I have a complain that I did not got water splash and not got any smell of 4DX. I don't know why.\n\nPlease reply...",
    "likes": 0,
    "retweets": 0
},
{
    "id": 1523388419509940224,
    "user_id": 320002392,
    "created_at": "2022-05-08 19:44:37+00:00",
    "device": "Twitter for iPhone",
    "text": "naaah if he only cared about peter the way he cared about america\u2026 https://t.co/zIOnOoyOsV",
    "likes": 0,
    "retweets": 0
},
{
    "id": 1523388419115606016,
    "user_id": 47831270,
    "created_at": "2022-05-08 19:44:36+00:00",
    "device": "Twitter Web App",
    "text": "Someone liked this tweet from over a year ago so I guess watch my WandaVision video in preparation for my Doctor Strange video? https://t.co/izCqmoQfis",
    "likes": 0,
    "retweets": 0
},
{
    "id": 1523388420831076352,
    "user_id": 1446531212374417440,
    "created_at": "2022-05-08 19:44:37+00:00",
    "device": "Twitter Web App",
    "text": "@MCUPerfectGifs 1. Spider Man No Way Home\n2. Shang Chi\n3. Doctor strange and the Multiverse of madness\n4. Black Widow\n5. Eternals",
    "likes": 0,
    "retweets": 0
},
{
    "id": 1523388422643077121,
    "user_id": 1085628612043104261,
    "created_at": "2022-05-08 19:44:37+00:00",
    "device": "Twitter for iPhone",
    "text": "@SavanteLive Bro same",
    "likes": 0,
    "retweets": 0
},
{
    "id": 1523388424086224897,
    "user_id": 1499788225065455624,
    "created_at": "2022-05-08 19:44:38+00:00",
    "device": "Twitter for iPhone",
    "text": "peter is FATHERLESS and that's OKAY! https://t.co/H867HiFWb8",
    "likes": 1,
    "retweets": 1
},
{
    "id": 1523388423955894272,
    "user_id": 1363629620898246661,
    "created_at": "2022-05-08 19:44:38+00:00",
    "device": "Twitter for iPhone",
    "text": "@LubbaSMG2 dw i would\u2019ve cackled if someone said that to me",
    "likes": 1,
    "retweets": 0
},
{
    "id": 1523388424266280960,
    "user_id": 1137956327924387840,
    "created_at": "2022-05-08 19:44:38+00:00",
    "device": "Twitter for iPhone",
    "text": "@Stuntman_MIK3 Nah it\u2019s willem dafoe still",
    "likes": 0,
    "retweets": 0
},
{
    "id": 1523388424064933888,
    "user_id": 826370076,
    "created_at": "2022-05-08 19:44:38+00:00",
    "device": "Twitter for iPhone",
    "text": "The first cz the second is a Scarlet Witch movie baby https://t.co/diQYKAqf9N",
    "likes": 0,
    "retweets": 0
},
{
    "id": 1523388423163154433,
    "user_id": 229274063,
    "created_at": "2022-05-08 19:44:37+00:00",
    "device": "Twitter for Android",
    "text": "She's not wrong &amp; I support her. https://t.co/FOwfUFak5g",
    "likes": 0,
    "retweets": 0
},
{
    "id": 1523388424106876929,
    "user_id": 729218671,
    "created_at": "2022-05-08 19:44:38+00:00",
    "device": "Twitter for iPhone",
    "text": "No Way Home\nShang-Chi \nEternals\nMoM\n\nBlack Widow https://t.co/03Y0kmjBcQ",
    "likes": 0,
    "retweets": 0
},
{
    "id": 1523388429555314688,
    "user_id": 1103239031356342272,
    "created_at": "2022-05-08 19:44:39+00:00",
    "device": "Twitter for Android",
    "text": "@MiniB622 it's happening Sana \ud83e\udd70",
    "likes": 0,
    "retweets": 0
},
{
    "id": 1523388431509835776,
    "user_id": 1356734510033952772,
    "created_at": "2022-05-08 19:44:39+00:00",
    "device": "Twitter for Android",
    "text": "Someone send this to a payola gc #idk https://t.co/9Jb9E2q07k",
    "likes": 0,
    "retweets": 0
},
{
    "id": 1523388432176672769,
    "user_id": 1414495593515425792,
    "created_at": "2022-05-08 19:44:40+00:00",
    "device": "Twitter for Android",
    "text": "to be honest shang-chi was the best https://t.co/rFT5617UhT",
    "likes": 0,
    "retweets": 0
},
{
    "id": 1523388431786659840,
    "user_id": 814429308,
    "created_at": "2022-05-08 19:44:39+00:00",
    "device": "Twitter Web App",
    "text": "@JanellWheeler Happy Birthday.",
    "likes": 0,
    "retweets": 0
},
{
    "id": 1523388438908530691,
    "user_id": 3046404773,
    "created_at": "2022-05-08 19:44:41+00:00",
    "device": "Twitter for Android",
    "text": "@Browntable_Ent Better looking that the Guardians movies? Definitely not",
    "likes": 0,
    "retweets": 0
},
{
    "id": 1523388438036115456,
    "user_id": 3320155499,
    "created_at": "2022-05-08 19:44:41+00:00",
    "device": "Twitter Web App",
    "text": "Incredibly sad news.  I got to meet George Perez once and he sketched a beautiful Supergirl for me.  A tremendous artist and a lovely person. https://t.co/KVSNmhKgi8",
    "likes": 0,
    "retweets": 0
},
{
    "id": 1523388441060610048,
    "user_id": 1494228926960308224,
    "created_at": "2022-05-08 19:44:42+00:00",
    "device": "Twitter for iPhone",
    "text": "ds:mom\nnwh\ns-c\n\nlarge gap\n\neternals\n\nMASSIVE gap\n\nblack widow https://t.co/Rw4oSMJz7s",
    "likes": 0,
    "retweets": 0
},
{
    "id": 1523388440611459072,
    "user_id": 2193675936,
    "created_at": "2022-05-08 19:44:42+00:00",
    "device": "Twitter for Android",
    "text": "@_bigSnek This just some hating. Do you know how easy it is for superhero movies to flop? Just respect what they're doing. It's a masterpiece in its own right. \n\nHollywood is becoming less attractive. Reboots and part 2s more common. Seeing Asian cinema lately.",
    "likes": 0,
    "retweets": 0
},
{
    "id": 1523388440766676993,
    "user_id": 1479605395169677316,
    "created_at": "2022-05-08 19:44:42+00:00",
    "device": "Twitter for Android",
    "text": "@TheYoungfan0 Deku\nPeter Parker\nMark from Invicible\nBarry Allen\nAladdin",
    "likes": 0,
    "retweets": 0
},
{
    "id": 1523388443413610496,
    "user_id": 23398195,
    "created_at": "2022-05-08 19:44:42+00:00",
    "device": "Twitter for Android",
    "text": "@rjdeux 5. Thanos/Black Order\n4. Kilmonger\n3. Black Moriah\n2. Kilgrave\n1. Fisk",
    "likes": 0,
    "retweets": 0
},
{
    "id": 1523388443136446466,
    "user_id": 53974260,
    "created_at": "2022-05-08 19:44:42+00:00",
    "device": "Twitter Web App",
    "text": "@ERodBuster1 Bully Maguire: \"You dance around and become a hero. I do it and I become a douche. That doesn't seem fair.\"",
    "likes": 0,
    "retweets": 0
},
{
    "id": 1523388441576181762,
    "user_id": 1168661705934741505,
    "created_at": "2022-05-08 19:44:42+00:00",
    "device": "Twitter for iPhone",
    "text": "@minidiamnd || someone needs to just make a gloria and put her in the marvel verse for fun",
    "likes": 0,
    "retweets": 0
},
{
    "id": 1523388441505206272,
    "user_id": 69713708,
    "created_at": "2022-05-08 19:44:42+00:00",
    "device": "Twitter for iPhone",
    "text": "@_erinmckenziee good luck \ud83d\ude2c\ud83c\udf39",
    "likes": 0,
    "retweets": 0
},
{
    "id": 1523388439399337985,
    "user_id": 3797963114,
    "created_at": "2022-05-08 19:44:41+00:00",
    "device": "WordPress.com",
    "text": "Marvel Spiderman Plug \u2018n Play Retro Console Wiggle Stick Edition\u00a0\ud83e\udd23 https://t.co/Y83BNmyXyN",
    "likes": 0,
    "retweets": 0
},
{
    "id": 1523388447444312064,
    "user_id": 608053823,
    "created_at": "2022-05-08 19:44:43+00:00",
    "device": "Twitter Web App",
    "text": "@TandemProUK @BBCRadio3 @roseandfriends @BBCSounds Great programme - catching up now!",
    "likes": 0,
    "retweets": 0
},
{
    "id": 1523388444252114944,
    "user_id": 1338030548598599681,
    "created_at": "2022-05-08 19:44:42+00:00",
    "device": "Twitter Web App",
    "text": "haven't watched eternals: \n\n1. Black Widow\n2. Multiverse Of Maddness\n3. no way home \n4. shang chi https://t.co/OwUo6dRy1L",
    "likes": 0,
    "retweets": 0
},
{
    "id": 1523388447343656960,
    "user_id": 878749609031602176,
    "created_at": "2022-05-08 19:44:43+00:00",
    "device": "Twitter for iPad",
    "text": "You will another office assembly line https://t.co/ZSmoYOtFaV",
    "likes": 0,
    "retweets": 0
},
{
    "id": 1523388444818345984,
    "user_id": 832206617487765505,
    "created_at": "2022-05-08 19:44:43+00:00",
    "device": "Twitter for Android",
    "text": "@DarkDefective You've never read a comic book, have you?",
    "likes": 0,
    "retweets": 0
},
{
    "id": 1523388445959151618,
    "user_id": 1343425717111951360,
    "created_at": "2022-05-08 19:44:43+00:00",
    "device": "Twitter for Android",
    "text": "CW // #MoonKnight spoilers\n-\n-\n-\n-\n-\n-\nYES TAWERET YES",
    "likes": 0,
    "retweets": 0
},
{
    "id": 1523388445871116288,
    "user_id": 439496706,
    "created_at": "2022-05-08 19:44:43+00:00",
    "device": "Twitter for iPhone",
    "text": "@DresdenWarlock @V2Jake @Michaeljoh20 @Stuntman_MIK3 Gosh I couldn\u2019t agree more with Kingpin. He looked the part but it stopped there.",
    "likes": 0,
    "retweets": 0
},
{
    "id": 1523388445892042752,
    "user_id": 1422035354929016836,
    "created_at": "2022-05-08 19:44:43+00:00",
    "device": "Twitter for Android",
    "text": "Ez\nNo way home\nShang chi\nEternals\nBlack widow https://t.co/hHRD5ySgFh",
    "likes": 0,
    "retweets": 0
},
{
    "id": 1523388447095808001,
    "user_id": 1456514312239939589,
    "created_at": "2022-05-08 19:44:43+00:00",
    "device": "Twitter for Android",
    "text": "@FCB_Deven28 I don't watch spongebob + moon Knight isn't even the best marvel series",
    "likes": 0,
    "retweets": 0
},
{
    "id": 1523388450699120640,
    "user_id": 1076973141434482688,
    "created_at": "2022-05-08 19:44:44+00:00",
    "device": "Twitter for Android",
    "text": "1) No way home\n2) Shang-chi\n3) Black widow\n3) Dr Strange\n4) Eternals https://t.co/zffCFp6Gr3",
    "likes": 0,
    "retweets": 0
},
{
    "id": 1523388448610029570,
    "user_id": 1304908678139527169,
    "created_at": "2022-05-08 19:44:43+00:00",
    "device": "Twitter Web App",
    "text": "It\u2019s all pretty \u201cmeh\u201d to \u201cyikes\u201d tbh. Very close to giving up. https://t.co/PPAqvLbUhV",
    "likes": 0,
    "retweets": 0
},
{
    "id": 1523388450220560384,
    "user_id": 841310277165498369,
    "created_at": "2022-05-08 19:44:44+00:00",
    "device": "Twitter for Android",
    "text": "One of the great scenes of the movie but the sequel is messy\n#DoctorStrange\n#ScarletWitch\n#DrStrangeMultiverseOfMadness https://t.co/gBubUbIiqu",
    "likes": 0,
    "retweets": 0
},
{
    "id": 1523388449721442305,
    "user_id": 43809000,
    "created_at": "2022-05-08 19:44:44+00:00",
    "device": "Twitter for Android",
    "text": "This is a great point #MultiverseOfMadness https://t.co/pjN3qXDMe4",
    "likes": 0,
    "retweets": 0
},
{
    "id": 1523388447209127936,
    "user_id": 1141088591126437889,
    "created_at": "2022-05-08 19:44:43+00:00",
    "device": "Twitter for iPhone",
    "text": "@hyuganeji1993 @jasluvslizzie i totally disagree, it\u2018s honestly my favourite fighting scene in the whole mcu now, absolutely epic, i have no clue what you\u2019re talking about.",
    "likes": 0,
    "retweets": 0
},
{
    "id": 1523388453106290688,
    "user_id": 1301596074763849730,
    "created_at": "2022-05-08 19:44:45+00:00",
    "device": "Twitter for Android",
    "text": "the MCU made Wanda's powers so vague that you could say anything and I would believe it",
    "likes": 1,
    "retweets": 0
},
{
    "id": 1523388455698411525,
    "user_id": 1326167661995233282,
    "created_at": "2022-05-08 19:44:45+00:00",
    "device": "Twitter for Android",
    "text": "@1DfansFanslove1 SAMEEE",
    "likes": 0,
    "retweets": 0
},
{
    "id": 1523388453030817792,
    "user_id": 1394972549356920834,
    "created_at": "2022-05-08 19:44:45+00:00",
    "device": "Twitter for iPhone",
    "text": "no way home &gt; shang chi &gt; multiverse of madness &gt; black widow &gt; eternals https://t.co/E1SHQBLsN9",
    "likes": 0,
    "retweets": 0
},
{
    "id": 1523388455878758401,
    "user_id": 1439719374257115141,
    "created_at": "2022-05-08 19:44:45+00:00",
    "device": "Twitter for iPhone",
    "text": "this is the first time i\u2019ve ever heard of oscar isaac in moon knight and now finding out he\u2019s in so many movies!!?!!",
    "likes": 0,
    "retweets": 0
},
{
    "id": 1523388454897602560,
    "user_id": 1222020966596911106,
    "created_at": "2022-05-08 19:44:45+00:00",
    "device": "Twitter for iPhone",
    "text": "Happy Mother\u2019s Day. Mom and I are watching #MultiverseOfMadness cos we\u2019re weird like that. #MothersDay https://t.co/BJvnRkgsYJ",
    "likes": 0,
    "retweets": 0
},
{
    "id": 1523388455832547328,
    "user_id": 1268794397035909121,
    "created_at": "2022-05-08 19:44:45+00:00",
    "device": "Twitter Web App",
    "text": "In an alternate universe where Multiverse of Madness were chock full of cameos:\n\n\"Too many cameos, it's too messy\"\n\"It was all for nostalgia smh\"\n\"They did Stephen dirty. How is this even a solo Doctor Strange movie??\" https://t.co/zVIjrt1dXO",
    "likes": 0,
    "retweets": 0
},
{
    "id": 1523388453508898816,
    "user_id": 1486979343100354563,
    "created_at": "2022-05-08 19:44:45+00:00",
    "device": "Twitter for iPhone",
    "text": "Thor just missed\u2026. https://t.co/ibemEQ8Oz6",
    "likes": 0,
    "retweets": 0
},
{
    "id": 1523388452418453505,
    "user_id": 821107270876561410,
    "created_at": "2022-05-08 19:44:44+00:00",
    "device": "Twitter for iPhone",
    "text": "@MCUPerfectGifs Who ever puts eternals as 1 on their list probably also loved Green Lantern with Ryan Reynolds.",
    "likes": 0,
    "retweets": 0
},
{
    "id": 1523388454507229184,
    "user_id": 1280584089372745729,
    "created_at": "2022-05-08 19:44:45+00:00",
    "device": "Twitter for Android",
    "text": "@MCUPerfectGifs 1. Spider-Man No Way Home\n2. Shang-Chi\n3. Eternals\n4. Black Widow\nI have not seen Multiverse of Madness yet",
    "likes": 0,
    "retweets": 0
},
{
    "id": 1523388459175788544,
    "user_id": 342736493,
    "created_at": "2022-05-08 19:44:46+00:00",
    "device": "Twitter for iPhone",
    "text": "Just came out of Dr.Strange and the Multiverse of Madness. Certainly wasn\u2019t my favorite MARVEL movie, but the plot was enough to keep us entertained. Very \u201cInception\u201d esque, Left more questions than answers.",
    "likes": 0,
    "retweets": 0
},
{
    "id": 1523388459142238208,
    "user_id": 1004575438830792710,
    "created_at": "2022-05-08 19:44:46+00:00",
    "device": "Twitter for iPhone",
    "text": "IM CRYING AGAIN https://t.co/mzBrPnHPfX",
    "likes": 0,
    "retweets": 0
},
{
    "id": 1523388458940596224,
    "user_id": 1073032470344404992,
    "created_at": "2022-05-08 19:44:46+00:00",
    "device": "Twitter for Android",
    "text": "@reyhospacebitch They already did",
    "likes": 0,
    "retweets": 0
},
{
    "id": 1523388458102059009,
    "user_id": 1264516980016656384,
    "created_at": "2022-05-08 19:44:46+00:00",
    "device": "Twitter for Android",
    "text": "@CS11__ me too but im still gonna watch it \ud83d\ude2d",
    "likes": 0,
    "retweets": 0
},
{
    "id": 1523388459926261760,
    "user_id": 84634930,
    "created_at": "2022-05-08 19:44:46+00:00",
    "device": "Twitter Web App",
    "text": "@JosephGlass Spidey &gt; Shang Chi &gt; Black Widow &gt; Eternals\n\nDr. Strange = TBD",
    "likes": 0,
    "retweets": 0
},
{
    "id": 1523388463051341824,
    "user_id": 1452736686102925314,
    "created_at": "2022-05-08 19:44:47+00:00",
    "device": "Twitter for Android",
    "text": "//Do I want to make John Wick and put him into marvel crossover?\n\nYes... John and Nat would be something else as a team up",
    "likes": 0,
    "retweets": 0
},
{
    "id": 1523388463608832001,
    "user_id": 3780208522,
    "created_at": "2022-05-08 19:44:47+00:00",
    "device": "Twitter for iPhone",
    "text": "ETERNALS* BRUHHHDHSHHS",
    "likes": 0,
    "retweets": 0
},
{
    "id": 1523388462514139136,
    "user_id": 2717154682,
    "created_at": "2022-05-08 19:44:47+00:00",
    "device": "Twitter for iPhone",
    "text": "After watching Doctor Strange my roommates are now bullying me because they think I like the big green bull guy\u2026They\u2019re not wrong but\u2026Don\u2019t call me out \ud83d\ude2d",
    "likes": 0,
    "retweets": 0
},
{
    "id": 1523388462719586304,
    "user_id": 1481116938457735169,
    "created_at": "2022-05-08 19:44:47+00:00",
    "device": "Twitter for iPhone",
    "text": "@Spider_Culture That movie was ass",
    "likes": 0,
    "retweets": 0
},
{
    "id": 1523388462887759872,
    "user_id": 3026830485,
    "created_at": "2022-05-08 19:44:47+00:00",
    "device": "Twitter for iPhone",
    "text": "\u21ac doctor strange (2016) https://t.co/rhCb3I95LX",
    "likes": 0,
    "retweets": 0
},
{
    "id": 1523388461142605824,
    "user_id": 1209148076146995201,
    "created_at": "2022-05-08 19:44:46+00:00",
    "device": "Twitter for Android",
    "text": "@MCUPerfectGifs - nwh\n- MoM\n- shang chi\n- eternals\n- black widow",
    "likes": 0,
    "retweets": 0
},
{
    "id": 1523388459255472128,
    "user_id": 3152569846,
    "created_at": "2022-05-08 19:44:46+00:00",
    "device": "Twitter for iPhone",
    "text": "#Mandibles (2020): a pair of hapless, clumsy drifters go on a road trip with a gigantic fly (yep, a freaky big fly) they find in the boot of a stolen car. A curious, eccentric French comedy about class, diamant\u00e9 teeth, and friendship. Toro! #Film2022 https://t.co/99yMotweqn",
    "likes": 0,
    "retweets": 0
},
{
    "id": 1523388465492070403,
    "user_id": 1500151382,
    "created_at": "2022-05-08 19:44:48+00:00",
    "device": "Twitter for Android",
    "text": "MoM (a huge fan of strange sequel)\nNWH (thank for the fan-service)\nShang-Chi (ofc it is because the cgi)\nEternals (so-so)\nBlack Widow (meh, haven't watched it yet)\n\nsoon gotg vol.3 and quantumania will be in my top 5 list (i bet) https://t.co/nnqpYNgUbm",
    "likes": 0,
    "retweets": 0
},
{
    "id": 1523388465676972033,
    "user_id": 1500637639866826755,
    "created_at": "2022-05-08 19:44:48+00:00",
    "device": "Twitter for iPhone",
    "text": "@sydneysolsen @DraccQueen @CAPESHlT W catch this follow",
    "likes": 0,
    "retweets": 0
}]