[{
    "id": 1523386696477265921,
    "user_id": 1520666126623064070,
    "created_at": "2022-05-08 19:37:46+00:00",
    "device": "Twitter for Android",
    "text": "@William32333669 William you are chopping your money",
    "likes": 0,
    "retweets": 0
},
{
    "id": 1523386694883373057,
    "user_id": 1060700620989063168,
    "created_at": "2022-05-08 19:37:45+00:00",
    "device": "Twitter for iPhone",
    "text": "I think I am unfortunately looking forward to a marvel movie. it has really come down to this",
    "likes": 0,
    "retweets": 0
},
{
    "id": 1523386696854687745,
    "user_id": 625619420,
    "created_at": "2022-05-08 19:37:46+00:00",
    "device": "Twitter for iPhone",
    "text": "she\u2019s now done marvel movies and Star Wars movies and could easily have said no as she did for the past decade. https://t.co/rerQierVha",
    "likes": 0,
    "retweets": 0
},
{
    "id": 1523386695353516034,
    "user_id": 1143718638790352896,
    "created_at": "2022-05-08 19:37:45+00:00",
    "device": "Twitter for iPhone",
    "text": "Marvel and Dc Movie Tier List https://t.co/Rt5cwOKP9h",
    "likes": 0,
    "retweets": 0
},
{
    "id": 1523386697282895873,
    "user_id": 1428579698,
    "created_at": "2022-05-08 19:37:46+00:00",
    "device": "Twitter for iPhone",
    "text": "If Wang dies, I\u2019m done with Marvel o!",
    "likes": 0,
    "retweets": 0
},
{
    "id": 1523386696775073793,
    "user_id": 1292010201361666048,
    "created_at": "2022-05-08 19:37:46+00:00",
    "device": "Twitter for iPad",
    "text": "A suit jacket hoodie ? How shoreditch can you get https://t.co/9jMbNWSU9h",
    "likes": 0,
    "retweets": 0
},
{
    "id": 1523386697761050626,
    "user_id": 1077299621527998466,
    "created_at": "2022-05-08 19:37:46+00:00",
    "device": "Twitter for iPhone",
    "text": "@TheDrkPunisher are you really trying to tell me hulk could beat the scarlet witch or doctor strange or thor",
    "likes": 0,
    "retweets": 0
},
{
    "id": 1523386696053948416,
    "user_id": 1372651623831457793,
    "created_at": "2022-05-08 19:37:46+00:00",
    "device": "Twitter for Android",
    "text": "\u00a1Reveladas nuevas Funko POP! de 'DOCTOR STRANGE IN THE MULTIVERSE OF MADNESS'! https://t.co/WDwu6HbY0B",
    "likes": 0,
    "retweets": 0
},
{
    "id": 1523386695567036416,
    "user_id": 439359852,
    "created_at": "2022-05-08 19:37:46+00:00",
    "device": "Twitter for iPhone",
    "text": "@Rachael371 So you\u2019re saying stay after the movie",
    "likes": 0,
    "retweets": 0
},
{
    "id": 1523386699652288513,
    "user_id": 780398836233670656,
    "created_at": "2022-05-08 19:37:47+00:00",
    "device": "Twitter for iPhone",
    "text": "wasn\u2019t the whole point that he never won and the villains always brought it on themselves?? https://t.co/PZe0pQz8P6",
    "likes": 0,
    "retweets": 0
},
{
    "id": 1523386700570968065,
    "user_id": 44770846,
    "created_at": "2022-05-08 19:37:47+00:00",
    "device": "Twitter for iPad",
    "text": "Always trying to practice\nMy Apple Pencil nib started to crap out on me so I got a lil frustrated #moonknight #marvel #comics #digital https://t.co/kwFNuV6XZ7",
    "likes": 0,
    "retweets": 0
},
{
    "id": 1523386699572596736,
    "user_id": 371636153,
    "created_at": "2022-05-08 19:37:46+00:00",
    "device": "Twitter for Android",
    "text": "I publicly recognize @johnkrasinski as my one and only #MrFantastic \n\nHe is, without a doubt, the PERFECT #ReedRichards \n\n#DoctorStrange",
    "likes": 0,
    "retweets": 0
},
{
    "id": 1523386703603396608,
    "user_id": 1462881883679694851,
    "created_at": "2022-05-08 19:37:47+00:00",
    "device": "Twitter for iPhone",
    "text": "#DoctorStrange Which movie did you like better?",
    "likes": 0,
    "retweets": 0
},
{
    "id": 1523386706296119296,
    "user_id": 1430664060807237636,
    "created_at": "2022-05-08 19:37:48+00:00",
    "device": "Twitter Web App",
    "text": "Damon Wayans Jr too \n\nWHERE THE FUCK IS JOHN CHO IN MARVEL?????",
    "likes": 0,
    "retweets": 0
},
{
    "id": 1523386703972511746,
    "user_id": 1498985975720071169,
    "created_at": "2022-05-08 19:37:48+00:00",
    "device": "Twitter for Android",
    "text": "ms marvel looks so good i can't wait for it to finally come out next month dude!! &lt;3 https://t.co/FP6lR9wnD6",
    "likes": 0,
    "retweets": 0
},
{
    "id": 1523386706686210048,
    "user_id": 2339115119,
    "created_at": "2022-05-08 19:37:48+00:00",
    "device": "Twitter for iPhone",
    "text": "@PhantasticGeek 2/\n\ncharacters to get everything.\nI had lots of fun with this one and I love the multiversal storytelling in the MCU.  The Illuminati scenes were delicious and I hope some of those characters will be seen in the MCU again someday.  Wanda was a sympathetic villain but she caused",
    "likes": 0,
    "retweets": 0
},
{
    "id": 1523386705348161536,
    "user_id": 1430664060807237636,
    "created_at": "2022-05-08 19:37:48+00:00",
    "device": "Twitter Web App",
    "text": "Jason Bateman and Will Arnett should be in the Marvel universe. Better choice than John Krasinski. #doctorstrange\n#FantasticFour",
    "likes": 0,
    "retweets": 0
},
{
    "id": 1523386703364329473,
    "user_id": 794925147580809217,
    "created_at": "2022-05-08 19:37:47+00:00",
    "device": "Twitter for Android",
    "text": "@DisneyPlusInfo 1. Moon Knight\n2. FATWS\n3. Hawkeye\n4. Wandavision\n5. Loki\n6. What if...?",
    "likes": 0,
    "retweets": 0
},
{
    "id": 1523386703381102592,
    "user_id": 1522368991,
    "created_at": "2022-05-08 19:37:47+00:00",
    "device": "Twitter for Android",
    "text": "@god when? https://t.co/Q6hO1JIG0x",
    "likes": 1,
    "retweets": 0
},
{
    "id": 1523386707944820736,
    "user_id": 1223239441,
    "created_at": "2022-05-08 19:37:48+00:00",
    "device": "Twitter for iPhone",
    "text": "@MCUPerfectGifs 1. Multiverse of Madness\n2. Shang Chi\n3. No Way Home\n4. Black Widow \n5. Eternals",
    "likes": 0,
    "retweets": 0
},
{
    "id": 1523386708070264837,
    "user_id": 1356357822993162246,
    "created_at": "2022-05-08 19:37:49+00:00",
    "device": "Twitter for iPhone",
    "text": "@houseofeIektra I BEEN SAYING THIS SPEAK YOUR TRUTH https://t.co/YEKiGABCYE",
    "likes": 0,
    "retweets": 0
},
{
    "id": 1523386708825620481,
    "user_id": 4857132673,
    "created_at": "2022-05-08 19:37:49+00:00",
    "device": "Twitter for iPhone",
    "text": "@MCUPerfectGifs 1. No Way Home\n2. Shang Chi\n3. Multiverse Of Madness\n4. Black Widow\n5. Eternals",
    "likes": 0,
    "retweets": 0
},
{
    "id": 1523386711635824640,
    "user_id": 1154076404692201472,
    "created_at": "2022-05-08 19:37:49+00:00",
    "device": "Twitter for iPhone",
    "text": "@DiscussingFilm It looks fun. Idc.",
    "likes": 0,
    "retweets": 0
},
{
    "id": 1523386713313202178,
    "user_id": 1071809202555969538,
    "created_at": "2022-05-08 19:37:50+00:00",
    "device": "Twitter for Android",
    "text": "This just in mcu fan notice an actor who is showing emotion... like every other actor in any,show,film and animation. We will bring you more from this story at 8pm. For now back to your regular schedule program https://t.co/u11Qfj27nX",
    "likes": 0,
    "retweets": 0
},
{
    "id": 1523386713087045632,
    "user_id": 752708476216848385,
    "created_at": "2022-05-08 19:37:50+00:00",
    "device": "Twitter for iPhone",
    "text": "I\u2019m sick of you Wanda stans coming up with these takes that\u2019d she destroy almost every hero in existence. SHE\u2019S NOT UNSTOPPABLE, my god, I can think of at least 5 people in Marvel ALONE that would eat her for breakfast let alone other universes. This shit needs to end.",
    "likes": 0,
    "retweets": 0
},
{
    "id": 1523386711606439937,
    "user_id": 1238257394481758209,
    "created_at": "2022-05-08 19:37:49+00:00",
    "device": "Twitter for Android",
    "text": "@Cinemaniac94 I think they're going to Young Avengers and introducing the mutants to create the new Avengers. This phase is for introduction, like the phase 1 and 2.",
    "likes": 0,
    "retweets": 0
},
{
    "id": 1523386712822456320,
    "user_id": 575767550,
    "created_at": "2022-05-08 19:37:50+00:00",
    "device": "Twitter for iPhone",
    "text": "Shang Chi\nMultiverse of Madness\nSpider-Man\nBlack Widow\nEternals https://t.co/BXE9Pt9jMX",
    "likes": 0,
    "retweets": 0
},
{
    "id": 1523386711773900801,
    "user_id": 566266709,
    "created_at": "2022-05-08 19:37:49+00:00",
    "device": "Twitter for Android",
    "text": "Christine did refer to Ako's character as Charlie. https://t.co/xjeOsIRKnV",
    "likes": 0,
    "retweets": 0
},
{
    "id": 1523386712897966081,
    "user_id": 46385204,
    "created_at": "2022-05-08 19:37:50+00:00",
    "device": "Twitter for iPhone",
    "text": "As much as I love the \u201cGiant size X-Men\u201d I wouldn\u2019t be mad if the first MCU movie focused on the original 5.",
    "likes": 0,
    "retweets": 0
},
{
    "id": 1523386719160074240,
    "user_id": 276627440,
    "created_at": "2022-05-08 19:37:51+00:00",
    "device": "Twitter for Android",
    "text": "@ocine_es Una marveliense a tope @g_espe",
    "likes": 0,
    "retweets": 0
},
{
    "id": 1523386720393531392,
    "user_id": 1453206138749587459,
    "created_at": "2022-05-08 19:37:51+00:00",
    "device": "Twitter for iPhone",
    "text": "@BiggoofyB @JoshLikesComic @TheDrkPunisher Those students were innocents weren\u2019t they? tell me a single time that Punisher has done ANYTGING remotely similar",
    "likes": 0,
    "retweets": 0
},
{
    "id": 1523386721479827456,
    "user_id": 1277698834513244162,
    "created_at": "2022-05-08 19:37:52+00:00",
    "device": "Twitter for iPhone",
    "text": "@SlightlyAni No way \ud83d\udc80",
    "likes": 0,
    "retweets": 0
},
{
    "id": 1523386723656364032,
    "user_id": 997756842540392448,
    "created_at": "2022-05-08 19:37:52+00:00",
    "device": "Twitter for Android",
    "text": "Ngl I could care less about GotG, Thor and the New Avengers.\nThe Multiverse plotline is saving post-Endgame MCU for me. It's a fascinating direction. Looking forward to Quantumania and Kang the Conqueror's role in the franchise.",
    "likes": 0,
    "retweets": 0
},
{
    "id": 1523386720397389826,
    "user_id": 1509707626397016067,
    "created_at": "2022-05-08 19:37:51+00:00",
    "device": "Twitter for Android",
    "text": "@heroichollywood Multiverse of madness for me",
    "likes": 0,
    "retweets": 0
},
{
    "id": 1523386719453827073,
    "user_id": 272527966,
    "created_at": "2022-05-08 19:37:51+00:00",
    "device": "Twitter for iPhone",
    "text": "@BlerdCentral And why are you only engaging reality warping when her powers obviously include tier one psychic abilities, as she proved. She didn\u2019t need to warp anything to beat one of the most powerful human characters in all of Marvel.",
    "likes": 0,
    "retweets": 0
},
{
    "id": 1523386721286516736,
    "user_id": 231946170,
    "created_at": "2022-05-08 19:37:52+00:00",
    "device": "Twitter for Android",
    "text": "@MCUPerfectGifs Spiderman no way home\nShang-chi \nBlack widow \ud83d\ude10\nMultiverse of madness \nEternals \nProbably unpopular opinions there",
    "likes": 0,
    "retweets": 0
},
{
    "id": 1523386723287199745,
    "user_id": 343004012,
    "created_at": "2022-05-08 19:37:52+00:00",
    "device": "Twitter Web App",
    "text": "@TiffGallowBFG Honestly it's more of a question of what I don't like. I generally like when growth or shapeshifting is permanent, at least until another spell or tech marvel hits. So there is no such thing as a wear off period.",
    "likes": 0,
    "retweets": 0
},
{
    "id": 1523386722880434177,
    "user_id": 827222232,
    "created_at": "2022-05-08 19:37:52+00:00",
    "device": "Twitter for iPhone",
    "text": "Lmaooo stop it https://t.co/0Hb5HE5k3P",
    "likes": 0,
    "retweets": 0
},
{
    "id": 1523386726944813056,
    "user_id": 2835270061,
    "created_at": "2022-05-08 19:37:53+00:00",
    "device": "Twitter for iPhone",
    "text": "@kevisucks The sfx work was cool, but I fell asleep during it \ud83d\ude2d",
    "likes": 0,
    "retweets": 0
},
{
    "id": 1523386724826873856,
    "user_id": 322235472,
    "created_at": "2022-05-08 19:37:53+00:00",
    "device": "Twitter for iPhone",
    "text": "Honestly\u2026\n\nShang-Chi, No Way Home, WandaVision, and Moon Knight have been incredible projects so far and definitely my favorites so far.",
    "likes": 0,
    "retweets": 0
},
{
    "id": 1523386729062821889,
    "user_id": 3025467975,
    "created_at": "2022-05-08 19:37:54+00:00",
    "device": "Twitter for iPhone",
    "text": "@FilmFileUK There\u2019s a brilliant film in there somewhere.\nI give you exhibit A (which was a FF film in all but name). \ud83d\udc4d https://t.co/bv6O1MYS83",
    "likes": 1,
    "retweets": 1
},
{
    "id": 1523386729700462592,
    "user_id": 60186386,
    "created_at": "2022-05-08 19:37:54+00:00",
    "device": "Twitter for iPhone",
    "text": "We talking bout #MultiverseOfMadness yet?",
    "likes": 0,
    "retweets": 0
},
{
    "id": 1523386731076407296,
    "user_id": 1403407055789170688,
    "created_at": "2022-05-08 19:37:54+00:00",
    "device": "Twitter for iPhone",
    "text": "And the mother of one of the most powerful beings in Marvel \ud83d\udc4f\ud83c\udffc\ud83d\udc4f\ud83c\udffc\ud83d\udc4f\ud83c\udffc\ud83d\udc4f\ud83c\udffc https://t.co/ex5zpIo6K0",
    "likes": 0,
    "retweets": 0
},
{
    "id": 1523386730421792769,
    "user_id": 1223705617904345095,
    "created_at": "2022-05-08 19:37:54+00:00",
    "device": "Twitter for Android",
    "text": "Eternals\nMultiverse Of Madness\nNo Way Home\nShang-chi\nBlack Widow https://t.co/Dl8HDD6zdL",
    "likes": 0,
    "retweets": 0
},
{
    "id": 1523386731612966914,
    "user_id": 1343425717111951360,
    "created_at": "2022-05-08 19:37:54+00:00",
    "device": "Twitter for Android",
    "text": "CW // #MoonKnight spoilers\n-\n-\n-\n-\n-\n-\n\"loyalty at what cost?\"\n\nyou're one to speak, khonshu",
    "likes": 0,
    "retweets": 0
},
{
    "id": 1523386729255694336,
    "user_id": 1414335342086348802,
    "created_at": "2022-05-08 19:37:54+00:00",
    "device": "Twitter Web App",
    "text": "@Ricardo15294790 @KyleSummers1452 @_Jazzyguns simp and no bitches",
    "likes": 0,
    "retweets": 0
},
{
    "id": 1523386729138647040,
    "user_id": 1418179736375857152,
    "created_at": "2022-05-08 19:37:54+00:00",
    "device": "Twitter for Android",
    "text": "@irtizawastaken @MCUPerfectGifs Spiderman NWH ko bhi cross karliya Doctor Strange ne now I m jealous I want to watch too",
    "likes": 0,
    "retweets": 0
},
{
    "id": 1523386730665021441,
    "user_id": 118529810,
    "created_at": "2022-05-08 19:37:54+00:00",
    "device": "Twitter Web App",
    "text": "Given the power levels we've seen from Captain Marvel so far, I don't for one second believe THAT should have done THAT to Captain Marvel in #MultiverseOfMadness",
    "likes": 0,
    "retweets": 0
},
{
    "id": 1523386735370981377,
    "user_id": 1720146578,
    "created_at": "2022-05-08 19:37:55+00:00",
    "device": "Twitter for iPhone",
    "text": "remember when you could go see a marvel movie without having to know 30485995 backstories plus advanced trigonometry? i miss those days.",
    "likes": 0,
    "retweets": 0
},
{
    "id": 1523386735128092672,
    "user_id": 1308246203348463616,
    "created_at": "2022-05-08 19:37:55+00:00",
    "device": "Twitter for iPhone",
    "text": "1). Spider-Man \n2). Shang-Chi \n3). Doctor Strange \n4). Black Widow \n5). Eternals https://t.co/hd6QToGQcz",
    "likes": 0,
    "retweets": 0
},
{
    "id": 1523386734758612993,
    "user_id": 1446883772570472450,
    "created_at": "2022-05-08 19:37:55+00:00",
    "device": "Twitter for iPhone",
    "text": "moon knight so boring man, done with that show",
    "likes": 0,
    "retweets": 0
},
{
    "id": 1523386732804284417,
    "user_id": 1093910871011667971,
    "created_at": "2022-05-08 19:37:54+00:00",
    "device": "Twitter for iPhone",
    "text": "@benedict_rs @captaintrainor that\u2019s the power of the mouse for you",
    "likes": 0,
    "retweets": 0
},
{
    "id": 1523386739246518273,
    "user_id": 1353607421806129155,
    "created_at": "2022-05-08 19:37:56+00:00",
    "device": "Twitter for iPhone",
    "text": "the mcu has done irreversible damage to there strongest characters sadly wanda gets stomped this fight is the equivalent of naruto vs goku",
    "likes": 0,
    "retweets": 0
},
{
    "id": 1523386738277855232,
    "user_id": 1450454238220460033,
    "created_at": "2022-05-08 19:37:56+00:00",
    "device": "Twitter for iPhone",
    "text": "Marvel champions stream tonight!",
    "likes": 0,
    "retweets": 0
},
{
    "id": 1523386736705163264,
    "user_id": 1412045363154935811,
    "created_at": "2022-05-08 19:37:55+00:00",
    "device": "Twitter for Android",
    "text": "#MultiverseOfMadness spoilers \n-\n-\n\u2010\n-\n-\ni'm not even a wanda stan! but wanda was powerful, evil, and wiped the floor with everyone she went up against and it's not gonna hurt you to just accept that is the story the mcu wants to tell us. she was hot doing it, too.",
    "likes": 0,
    "retweets": 0
},
{
    "id": 1523386736541265920,
    "user_id": 1387802219920039936,
    "created_at": "2022-05-08 19:37:55+00:00",
    "device": "Twitter for Android",
    "text": "@ComCodyCC2224 @jxcekage @MCU_Direct No trace? It's the same suit but with a hood, no?",
    "likes": 0,
    "retweets": 0
},
{
    "id": 1523386742673317888,
    "user_id": 1193807260939669505,
    "created_at": "2022-05-08 19:37:57+00:00",
    "device": "Twitter for iPhone",
    "text": "@MCUPerfectGifs 1/2. MoM or NWH\n3. Black Widow\n4. Shang Chi\n5. Eternals",
    "likes": 0,
    "retweets": 0
},
{
    "id": 1523386743818387456,
    "user_id": 1241166783530360833,
    "created_at": "2022-05-08 19:37:57+00:00",
    "device": "Twitter for iPhone",
    "text": "spider man\nshang chi\nblack widow=MoM\neternals https://t.co/sZTfJ9lxAa",
    "likes": 0,
    "retweets": 0
},
{
    "id": 1523386744791465984,
    "user_id": 2400475137,
    "created_at": "2022-05-08 19:37:57+00:00",
    "device": "Twitter for iPhone",
    "text": "@216_TheOne @scottderrickson can do his movie MoM but as 3rd movie",
    "likes": 0,
    "retweets": 0
},
{
    "id": 1523386742149029888,
    "user_id": 80171413,
    "created_at": "2022-05-08 19:37:57+00:00",
    "device": "Twitter for iPhone",
    "text": "Multiverse, Spider-Man, Shang-Chi, Black Widow, Eternals https://t.co/Twv11JWMLI",
    "likes": 0,
    "retweets": 0
},
{
    "id": 1523386745282252800,
    "user_id": 1350239905801248770,
    "created_at": "2022-05-08 19:37:57+00:00",
    "device": "Twitter for iPhone",
    "text": "that is Not dr Strange https://t.co/frmpnjMeO7",
    "likes": 0,
    "retweets": 0
},
{
    "id": 1523386746473431041,
    "user_id": 24897993,
    "created_at": "2022-05-08 19:37:58+00:00",
    "device": "Twitter for iPhone",
    "text": "Hoping beyond hope that the Dr. Strange movie means that the new Babysitters\u2019 Club is canonically in the Marvel Universe",
    "likes": 0,
    "retweets": 0
},
{
    "id": 1523386746368839680,
    "user_id": 1130566085537931266,
    "created_at": "2022-05-08 19:37:58+00:00",
    "device": "Twitter Web App",
    "text": "@MCUPerfectGifs Spiderman No Way Home #1 best\nDoctor Strange multi universe\nShang Chi \nThe Eternals \nBlack Widow \ud83e\udd22\ud83e\udd2e\ud83d\udc4e\ud83d\udc4e\ud83c\udfff\ud83d\udc4e\ud83c\udffe\ud83d\udc4e\ud83c\udffb\ud83d\udc4e\ud83c\udffd https://t.co/x0TIX0qOlV",
    "likes": 0,
    "retweets": 0
},
{
    "id": 1523386746599141376,
    "user_id": 942208698381844480,
    "created_at": "2022-05-08 19:37:58+00:00",
    "device": "Twitter for iPhone",
    "text": "@MCUPerfectGifs Spiderman\nBlack Widow\nShang-Chi\nEternals\nMultiverse",
    "likes": 0,
    "retweets": 0
},
{
    "id": 1523386746410471424,
    "user_id": 1326196428901847042,
    "created_at": "2022-05-08 19:37:58+00:00",
    "device": "Twitter for iPhone",
    "text": "@MoreDisneyPlus Where\u2019s Hawkeye \ud83d\udc80",
    "likes": 0,
    "retweets": 0
},
{
    "id": 1523386746628681730,
    "user_id": 1417925646693642240,
    "created_at": "2022-05-08 19:37:58+00:00",
    "device": "Twitter for iPhone",
    "text": "@MCUPerfectGifs 1. No Way Home.\n2. Shang Chi.\n3. Multiverse of Madness.\n4. Eternals.\n5. Black Widow.\n\nAlthough, the bottom 2 are way worse than number 3.",
    "likes": 0,
    "retweets": 0
},
{
    "id": 1523386748163690496,
    "user_id": 1285929926881939456,
    "created_at": "2022-05-08 19:37:58+00:00",
    "device": "Twitter for iPhone",
    "text": "@MCUPerfectGifs I can\u2019t be the only one who really liked black widow it\u2019s one of my favs along with NWH",
    "likes": 0,
    "retweets": 0
},
{
    "id": 1523386750399582208,
    "user_id": 2291946671,
    "created_at": "2022-05-08 19:37:59+00:00",
    "device": "Twitter for iPhone",
    "text": "im tired of these awkward cheesy ass scripts, marvel",
    "likes": 0,
    "retweets": 0
},
{
    "id": 1523386749665259520,
    "user_id": 93740698,
    "created_at": "2022-05-08 19:37:58+00:00",
    "device": "Twitter for Android",
    "text": "@MCUPerfectGifs Doctor Strange MoM\nSpider-Man No Way Home\nBlack Widow\nEternals\nShang Chi",
    "likes": 0,
    "retweets": 0
},
{
    "id": 1523386751766593539,
    "user_id": 1263264572,
    "created_at": "2022-05-08 19:37:59+00:00",
    "device": "Twitter for iPhone",
    "text": "@MCUPerfectGifs People sleep on Shang-Chi",
    "likes": 0,
    "retweets": 0
},
{
    "id": 1523386751435546624,
    "user_id": 1503811370764185604,
    "created_at": "2022-05-08 19:37:59+00:00",
    "device": "Twitter for iPhone",
    "text": "@BeyonderCR1 @JuicyJ_CR Nah fr. It\u2019s a bang ass movie. Probably one of the best in the series. The only reason people don\u2019t like it is cause there isn\u2019t a lot of punching and kicking. It\u2019s more creative and brutal. Very well done movie 11/10",
    "likes": 0,
    "retweets": 0
},
{
    "id": 1523386749967343619,
    "user_id": 437156338,
    "created_at": "2022-05-08 19:37:59+00:00",
    "device": "Twitter for iPhone",
    "text": "@BeyondTheMask8 @ScreamMovies This.",
    "likes": 0,
    "retweets": 0
},
{
    "id": 1523386752672550912,
    "user_id": 1222312250528149512,
    "created_at": "2022-05-08 19:37:59+00:00",
    "device": "Twitter for iPhone",
    "text": "1.Multiverse of Madness\n2. Shang-Chi\n3. No Way Home\n4. Eternals\n\n5. Black Widow https://t.co/aObWxS99Q9",
    "likes": 0,
    "retweets": 0
},
{
    "id": 1523386756959072256,
    "user_id": 2924898505,
    "created_at": "2022-05-08 19:38:00+00:00",
    "device": "Twitter Web App",
    "text": "@MCUPerfectGifs 1 Spiderman NWH\n2 Shang Chi\nThe Eternals\n4 Black Widow (gets a HARD 4th place for me for ruining all of the Budapest references in other movies)",
    "likes": 0,
    "retweets": 0
},
{
    "id": 1523386755130421248,
    "user_id": 2239829731,
    "created_at": "2022-05-08 19:38:00+00:00",
    "device": "Twitter Web App",
    "text": "shhhhh don't worry about the X-Men.  #XMen #WhatIf #DarkseidsCouch #comedy #podcast #Marvel #Comics https://t.co/X50rNFjhmR",
    "likes": 0,
    "retweets": 0
},
{
    "id": 1523386757235961856,
    "user_id": 42979093,
    "created_at": "2022-05-08 19:38:00+00:00",
    "device": "Twitter for Android",
    "text": "Mis reacciones al ver #DoctorStrange \nTodo North Shore https://t.co/OpBBB3CBMK",
    "likes": 0,
    "retweets": 0
},
{
    "id": 1523386760620871682,
    "user_id": 1263821860736770049,
    "created_at": "2022-05-08 19:38:01+00:00",
    "device": "Twitter for iPhone",
    "text": "Dr. Strange MoM spoilers\u2b07\ufe0f\u2b07\ufe0f\n\u2022\n\u2022\n\u2022\n\u2022\n\u2022\n\u2022\n\u2022\n\u2022\n\u2022\n\u2022\n\u2022\n\u2022\n\u2022\n\u2022\n\u2022 https://t.co/LwhVVwB3ht",
    "likes": 0,
    "retweets": 0
},
{
    "id": 1523386759937110016,
    "user_id": 218001984,
    "created_at": "2022-05-08 19:38:01+00:00",
    "device": "Twitter for iPhone",
    "text": "@MCUPerfectGifs 1. No Way Home\n2. Shang-Chi\n3. Doctor Strange: MoM\n4. The Eternals\n5. Black Widow",
    "likes": 0,
    "retweets": 0
},
{
    "id": 1523386759848988672,
    "user_id": 1203138792548425735,
    "created_at": "2022-05-08 19:38:01+00:00",
    "device": "Twitter for iPhone",
    "text": "@tyzakk @CoffeKosta @gauutieer @MCUPerfectGifs That\u2019s literally how it\u2019s supposed to go lol do y\u2019all not understand that this is marvel taking a different approach and this is the FIRST MOVIE??",
    "likes": 0,
    "retweets": 0
},
{
    "id": 1523386764013883392,
    "user_id": 750698316053217280,
    "created_at": "2022-05-08 19:38:02+00:00",
    "device": "Twitter for Android",
    "text": "@nicknprince I'm in agreement. I'm curious as to where the community consensus on the movie will be after its been out for a while, but to me it contends with the title for worst MCU movie.",
    "likes": 0,
    "retweets": 0
},
{
    "id": 1523386762059415554,
    "user_id": 1432162728509063172,
    "created_at": "2022-05-08 19:38:01+00:00",
    "device": "Twitter for iPhone",
    "text": "Imagine not seeing Doctor Strange lmao",
    "likes": 0,
    "retweets": 0
},
{
    "id": 1523386765645516800,
    "user_id": 3207442390,
    "created_at": "2022-05-08 19:38:02+00:00",
    "device": "Twitter for iPhone",
    "text": "@Stuntman_MIK3 RDJ stomps her performances",
    "likes": 0,
    "retweets": 0
},
{
    "id": 1523386769244188673,
    "user_id": 964655010423304192,
    "created_at": "2022-05-08 19:38:03+00:00",
    "device": "Twitter for iPhone",
    "text": "Haven\u2019t seen Doctor Strange but people saying it should be R obviously didn\u2019t see the Northman because they would\u2019ve seen people hacked up and nailed to a wall arranged into the shape of a horse",
    "likes": 0,
    "retweets": 0
},
{
    "id": 1523386760134205441,
    "user_id": 3657007875,
    "created_at": "2022-05-08 19:38:01+00:00",
    "device": "Twitter for iPhone",
    "text": "@CultureCrave Damn that was fast AF",
    "likes": 0,
    "retweets": 0
},
{
    "id": 1523386769227452416,
    "user_id": 2541559407,
    "created_at": "2022-05-08 19:38:03+00:00",
    "device": "Twitter for iPhone",
    "text": "I said 182 mil! \ud83d\udc4f\ud83c\udffb\ud83d\udc4f\ud83c\udffb\ud83d\udc4f\ud83c\udffb\ud83d\udc4f\ud83c\udffb https://t.co/YzYgQ3BE1t",
    "likes": 0,
    "retweets": 0
},
{
    "id": 1523386765200949249,
    "user_id": 4881835084,
    "created_at": "2022-05-08 19:38:02+00:00",
    "device": "Twitter for iPhone",
    "text": "Entered the #MultiverseOfMadness in style \ud83d\udd2e\u2728\u2764\ufe0fwhat a MARVEL-OUS movie going experience \ud83d\ude2d\ud83e\udd29 make sure to stay after for TWO after credit scenes!! #ScarletWitch #DoctorStrange #ShareAMC \n\nhttps://t.co/xJXEOD22Cn https://t.co/rEVStnC2ZL",
    "likes": 0,
    "retweets": 0
},
{
    "id": 1523386769323880448,
    "user_id": 824429439018790913,
    "created_at": "2022-05-08 19:38:03+00:00",
    "device": "Twitter Web App",
    "text": "\u00cdcone materialista e anticlerical \n\nI realized life had to be planned by me, see that's the key\nI only deal with what I can see cause over history, mystery brought us nothin but misery\nMore people done died in the name of the lord\nThan in any natural disaster, disease or gangwars",
    "likes": 0,
    "retweets": 0
},
{
    "id": 1523386770422845440,
    "user_id": 1356960430720225281,
    "created_at": "2022-05-08 19:38:03+00:00",
    "device": "Twitter for Android",
    "text": "@90onita They made the Guardians of the Galaxy household names I never thought that'd happen",
    "likes": 0,
    "retweets": 0
},
{
    "id": 1523386770171195392,
    "user_id": 1278488506067832832,
    "created_at": "2022-05-08 19:38:03+00:00",
    "device": "Twitter for Android",
    "text": "Lol took my Mom to See\n\n Doctor Strange 2 in 3D and this 3D Glasses Crazy lol \n\nSee you Guys later https://t.co/FujRGKnAH3",
    "likes": 0,
    "retweets": 0
},
{
    "id": 1523386771236483072,
    "user_id": 2799624434,
    "created_at": "2022-05-08 19:38:04+00:00",
    "device": "Twitter Web App",
    "text": "2. Though I don't read graphic novels, comics, manga much myself, I'm a huge fan bc my brother had (has?) dyslexia and I could see how much comics helped him. (And that's also why I know so much about the world of Marvel despite barely seeing any of the movies. lol!)",
    "likes": 0,
    "retweets": 0
},
{
    "id": 1523386771525959680,
    "user_id": 1422692551551815681,
    "created_at": "2022-05-08 19:38:04+00:00",
    "device": "Twitter for Android",
    "text": "One could also argue that its actually a good thing people are very sensitive to gore, even if its on the lighter end of the spectrum https://t.co/3Y2qupC8Ac",
    "likes": 0,
    "retweets": 0
},
{
    "id": 1523386771114844160,
    "user_id": 1152730084828073984,
    "created_at": "2022-05-08 19:38:04+00:00",
    "device": "Twitter for Android",
    "text": "gonna see new doctor strange movie hope i dont spew all over",
    "likes": 0,
    "retweets": 0
},
{
    "id": 1523386772109299712,
    "user_id": 1432421668346122245,
    "created_at": "2022-05-08 19:38:04+00:00",
    "device": "Twitter for iPhone",
    "text": "@scubajotaro @hyuganeji1993 @jasluvslizzie fr it feels like they\u2019re picking this movie apart trying to find more things to complain about. it really was not that bad",
    "likes": 0,
    "retweets": 0
},
{
    "id": 1523386773749235713,
    "user_id": 1342646184935100419,
    "created_at": "2022-05-08 19:38:04+00:00",
    "device": "Twitter for iPhone",
    "text": "Shang chi is over no way home to me the best movie marvel put out in the past year",
    "likes": 0,
    "retweets": 0
},
{
    "id": 1523386775841898496,
    "user_id": 2434431788,
    "created_at": "2022-05-08 19:38:05+00:00",
    "device": "Twitter for Android",
    "text": "Scarlet Witch is not a role model in any sense of the word.\n\nIt's one thing to like her character, but it's another thing to treat her and idolize her like some sort of queen.\n\nIt's weird. https://t.co/RalT27u7Tg",
    "likes": 0,
    "retweets": 0
},
{
    "id": 1523386775795773440,
    "user_id": 69898379,
    "created_at": "2022-05-08 19:38:05+00:00",
    "device": "Twitter for iPhone",
    "text": "@electivecross02 @Browntable_Ent Boy are you out of your damn mind. (Not a question, a statement of fact)",
    "likes": 0,
    "retweets": 0
},
{
    "id": 1523386774718140417,
    "user_id": 1349008349669552129,
    "created_at": "2022-05-08 19:38:04+00:00",
    "device": "Twitter for iPhone",
    "text": "So I saw Doctor Strange, my thoughts I\u2019ll tweet below so that people can avoid l possible spoilers",
    "likes": 0,
    "retweets": 0
},
{
    "id": 1523386777305698307,
    "user_id": 952443901289250817,
    "created_at": "2022-05-08 19:38:05+00:00",
    "device": "Twitter for iPhone",
    "text": "1. Doctor Strange \n2. NWH\n3. Shang- Chi \n4. Eternals \n5. Black widow https://t.co/EuX4l4ElPA",
    "likes": 0,
    "retweets": 0
},
{
    "id": 1523386778027462656,
    "user_id": 122231268,
    "created_at": "2022-05-08 19:38:05+00:00",
    "device": "Twitter for iPhone",
    "text": "The new Doctor Strange movie made 185 million dollars this weekend, so... https://t.co/vvamXOlJw0",
    "likes": 0,
    "retweets": 0
},
{
    "id": 1523386778098421760,
    "user_id": 119506292,
    "created_at": "2022-05-08 19:38:05+00:00",
    "device": "Twitter Web App",
    "text": "It might make a reasonable MCU for that lighter-than-air-cargo-barge with drone-tug-swarm system concept I've been toying with...",
    "likes": 0,
    "retweets": 0
}]