[{
    "id": 1523386877964800000,
    "user_id": 1509769179431325718,
    "created_at": "2022-05-08 19:38:29+00:00",
    "device": "Twitter for iPhone",
    "text": "@Moth_Culture Tobey would die in two seconds like everyone else in that film did lol",
    "likes": 0,
    "retweets": 0
},
{
    "id": 1523386875850858496,
    "user_id": 838696736,
    "created_at": "2022-05-08 19:38:29+00:00",
    "device": "Twitter for iPhone",
    "text": "I don\u2019t know about it\u2019s first mistake but definitely a mistake, Peter was closer with Cap in the comics and was on caps side in the end anyways, if I remember correctly Steve went to Sam and then next on his list was Peter when he was recruiting but Tony got him first. https://t.co/LhnPgExd0G",
    "likes": 0,
    "retweets": 0
},
{
    "id": 1523386873607036928,
    "user_id": 1415701981994360835,
    "created_at": "2022-05-08 19:38:28+00:00",
    "device": "Twitter for Android",
    "text": "@igniteivan Is she a sister to Mr. Influencer?",
    "likes": 0,
    "retweets": 0
},
{
    "id": 1523386879823204352,
    "user_id": 20390738,
    "created_at": "2022-05-08 19:38:29+00:00",
    "device": "Twitter for Android",
    "text": "Word I was asking the same. https://t.co/NJOXXpvN4w",
    "likes": 0,
    "retweets": 0
},
{
    "id": 1523386886428889088,
    "user_id": 835657892996997122,
    "created_at": "2022-05-08 19:38:31+00:00",
    "device": "Twitter for iPhone",
    "text": "I wish I can experience this scene again for the first time https://t.co/OqRdE8Z0LB",
    "likes": 0,
    "retweets": 0
},
{
    "id": 1523386884767895552,
    "user_id": 1345120692136779776,
    "created_at": "2022-05-08 19:38:31+00:00",
    "device": "Twitter for Android",
    "text": "@Moth_Culture What? Nicolas Cage? Lmao \ud83e\udd23",
    "likes": 0,
    "retweets": 0
},
{
    "id": 1523386883270533120,
    "user_id": 1213552005098008581,
    "created_at": "2022-05-08 19:38:30+00:00",
    "device": "Twitter for Android",
    "text": "Wanting to madly post about scenes from  #DoctorStrangeInTheMultiverseOfMadness and my girl #WandaMaximoff #ElizabethOlsen but I keep on thinking about people that haven't watched the movie as yet and I don't wanna give spoilers :( anyways doctor strange was a 10/10 as expected)",
    "likes": 0,
    "retweets": 0
},
{
    "id": 1523386873078448128,
    "user_id": 1280672491288002560,
    "created_at": "2022-05-08 19:38:28+00:00",
    "device": "Twitter for Android",
    "text": "@thegameawards Obsidian Games https://t.co/2TNjVOUtyL",
    "likes": 0,
    "retweets": 0
},
{
    "id": 1523386889381695488,
    "user_id": 2339115119,
    "created_at": "2022-05-08 19:38:32+00:00",
    "device": "Twitter for iPhone",
    "text": "@PhantasticGeek 3/3\n\na lot of death and destruction in her quest for motherhood \u2014 attributed to a mixture of profound grief and the Darkh\u00f6ld\u2019s influence.  I didn\u2019t know what I was expecting out of DSitMoM but what I got was a great time worth several re-watches.",
    "likes": 0,
    "retweets": 0
},
{
    "id": 1523386888920629248,
    "user_id": 1497193158718808065,
    "created_at": "2022-05-08 19:38:32+00:00",
    "device": "Twitter Web App",
    "text": "@LUchiha443 @MCU_Direct Dude,why tf wud she listen to wong!!??",
    "likes": 0,
    "retweets": 0
},
{
    "id": 1523386888375087104,
    "user_id": 1034979463505661953,
    "created_at": "2022-05-08 19:38:32+00:00",
    "device": "Twitter for iPhone",
    "text": "@Spider_Culture None of them",
    "likes": 0,
    "retweets": 0
},
{
    "id": 1523386891378253824,
    "user_id": 1361743383555956742,
    "created_at": "2022-05-08 19:38:32+00:00",
    "device": "Twitter Web App",
    "text": "it may never come i fear https://t.co/pvrBxAo3sj",
    "likes": 0,
    "retweets": 0
},
{
    "id": 1523386887955939328,
    "user_id": 3130957492,
    "created_at": "2022-05-08 19:38:31+00:00",
    "device": "Twitter for Android",
    "text": "@Eric_the_great7 You want them to recast John Krasinski https://t.co/Dy1qoRUv3Z",
    "likes": 0,
    "retweets": 0
},
{
    "id": 1523386891910844418,
    "user_id": 1518860111732637698,
    "created_at": "2022-05-08 19:38:32+00:00",
    "device": "Twitter for iPhone",
    "text": "First one! Fight me bout it https://t.co/8z9HlstW9X",
    "likes": 0,
    "retweets": 0
},
{
    "id": 1523386887788195840,
    "user_id": 49295431,
    "created_at": "2022-05-08 19:38:31+00:00",
    "device": "Twitter Web App",
    "text": "The second batch of comics released last week that I brought home from the comic book store: We Have Demons, Bylines in Blood, Red Sonja, Amazing Spider-Man, BRZRKR, Step By Bloody Step, Batman: Beyond the White Knight, Star Wars: Crimson Reign, &amp; Tarot: Witch of the Black Rose. https://t.co/5qBuOoLHzU",
    "likes": 0,
    "retweets": 0
},
{
    "id": 1523386893433417729,
    "user_id": 1367512398517604357,
    "created_at": "2022-05-08 19:38:33+00:00",
    "device": "Twitter for Android",
    "text": "As it should https://t.co/r9w8FsTmt0",
    "likes": 0,
    "retweets": 0
},
{
    "id": 1523386891445309441,
    "user_id": 1345917209412067330,
    "created_at": "2022-05-08 19:38:32+00:00",
    "device": "Twitter for iPhone",
    "text": "i wanna make my carrd pretty nd pink but also moon knight https://t.co/uV9Xygjd9Z",
    "likes": 0,
    "retweets": 0
},
{
    "id": 1523386892011511809,
    "user_id": 1069746895650574336,
    "created_at": "2022-05-08 19:38:32+00:00",
    "device": "Twitter for iPhone",
    "text": "@kayden0306 @CosmonautMarcus Episode 5 I feel was a real standout from Oscar Isaac",
    "likes": 0,
    "retweets": 0
},
{
    "id": 1523386893097791489,
    "user_id": 1085911531504787456,
    "created_at": "2022-05-08 19:38:33+00:00",
    "device": "Twitter for Android",
    "text": "@getFANDOM both",
    "likes": 0,
    "retweets": 0
},
{
    "id": 1523386891994730496,
    "user_id": 740965715981807616,
    "created_at": "2022-05-08 19:38:32+00:00",
    "device": "Twitter for iPhone",
    "text": "Starting Moonknight now. I\u2019m on a roll!",
    "likes": 0,
    "retweets": 0
},
{
    "id": 1523386893278212096,
    "user_id": 1125780945599172608,
    "created_at": "2022-05-08 19:38:33+00:00",
    "device": "Twitter for iPhone",
    "text": "@D_Smizzman @smileandwayve @CoffeKosta @MCUPerfectGifs I agree but i put NWH before because it\u2019s a Spiderman movie and it was good overall, although it was overhyped",
    "likes": 0,
    "retweets": 0
},
{
    "id": 1523386897313275904,
    "user_id": 42620134,
    "created_at": "2022-05-08 19:38:34+00:00",
    "device": "Twitter for Android",
    "text": "\ud83e\udd23\ud83e\udd23\ud83e\udd23\ud83e\udd23\ud83e\udd23\ud83e\udd23\ud83e\udd23\ud83e\udd23\ud83e\udd23\ud83e\udd23 oh man Raimi you got the fanboys in a chokehold once again https://t.co/o8hW02wDmk",
    "likes": 0,
    "retweets": 0
},
{
    "id": 1523386897300656131,
    "user_id": 974183694436093952,
    "created_at": "2022-05-08 19:38:34+00:00",
    "device": "Twitter for iPhone",
    "text": "@barfires @chaoz_gg Done!",
    "likes": 0,
    "retweets": 0
},
{
    "id": 1523386900987670528,
    "user_id": 1264241899524718592,
    "created_at": "2022-05-08 19:38:35+00:00",
    "device": "Twitter for iPad",
    "text": "I literally hate marvel logic bc loki has the power to punch a hole thru cap while sipping caprisun and he still lose to the average trucker in a supermarket\ud83e\uddd0",
    "likes": 0,
    "retweets": 0
},
{
    "id": 1523386903571034112,
    "user_id": 1326196428901847042,
    "created_at": "2022-05-08 19:38:35+00:00",
    "device": "Twitter for iPhone",
    "text": "@MoreDisneyPlus Hawkeye \ud83e\udd0f\ud83c\udffc",
    "likes": 0,
    "retweets": 0
},
{
    "id": 1523386901604225024,
    "user_id": 1021120435,
    "created_at": "2022-05-08 19:38:35+00:00",
    "device": "Twitter for iPhone",
    "text": "going into marvel movies with barely any hopes or barely having seen the trailer really is the way to go. can\u2019t be disappointed that way!!",
    "likes": 0,
    "retweets": 0
},
{
    "id": 1523386904208498688,
    "user_id": 1393939275922563077,
    "created_at": "2022-05-08 19:38:35+00:00",
    "device": "Twitter for iPhone",
    "text": "@veve_official @Marvel @nicolettabaldar I can dig it!",
    "likes": 0,
    "retweets": 0
},
{
    "id": 1523386904594755584,
    "user_id": 1361534147437723650,
    "created_at": "2022-05-08 19:38:35+00:00",
    "device": "Twitter Web App",
    "text": "@PeterRHann1 should i comment about it? did you see it?",
    "likes": 1,
    "retweets": 0
},
{
    "id": 1523386905953710080,
    "user_id": 1348504225861541889,
    "created_at": "2022-05-08 19:38:36+00:00",
    "device": "Twitter for iPhone",
    "text": "Watched Doctor Strange yesterday \nWanda a bitch FR",
    "likes": 0,
    "retweets": 0
},
{
    "id": 1523386904229867520,
    "user_id": 765512875528118272,
    "created_at": "2022-05-08 19:38:35+00:00",
    "device": "Twitter for iPhone",
    "text": "parents #DoctorStrange https://t.co/DcWxpznjTo",
    "likes": 0,
    "retweets": 0
},
{
    "id": 1523386911187865600,
    "user_id": 950144445604868097,
    "created_at": "2022-05-08 19:38:37+00:00",
    "device": "Twitter for iPhone",
    "text": "The whole Marvel doesn\u2019t have a plan rhetoric makes no sense to me. \n\nThey\u2019ve shown us they can take this thing infinite directions and everything\u2019s in play but your complaint is you don\u2019t know where we going?",
    "likes": 0,
    "retweets": 0
},
{
    "id": 1523386908327366658,
    "user_id": 1345917209412067330,
    "created_at": "2022-05-08 19:38:36+00:00",
    "device": "Twitter for iPhone",
    "text": "welp! https://t.co/ccJGq5kvyJ",
    "likes": 0,
    "retweets": 0
},
{
    "id": 1523386909518884864,
    "user_id": 1392048959414226944,
    "created_at": "2022-05-08 19:38:37+00:00",
    "device": "Twitter for iPhone",
    "text": "@Witnessiss And this one did too?",
    "likes": 0,
    "retweets": 0
},
{
    "id": 1523386908994273281,
    "user_id": 46385204,
    "created_at": "2022-05-08 19:38:36+00:00",
    "device": "Twitter for iPhone",
    "text": "2nd movie give us Giant size. 3rd give us X-Factor.. and 4th put them all together again.",
    "likes": 0,
    "retweets": 0
},
{
    "id": 1523386909157851136,
    "user_id": 1291387340330500097,
    "created_at": "2022-05-08 19:38:36+00:00",
    "device": "Twitter for iPhone",
    "text": "OMG YESSSSS. with all those spells and shit. Would be a banger https://t.co/Kl3GLSrJ50",
    "likes": 0,
    "retweets": 0
},
{
    "id": 1523386909870878720,
    "user_id": 2331264665,
    "created_at": "2022-05-08 19:38:37+00:00",
    "device": "Twitter for Android",
    "text": "@MoreDisneyPlus Loki is my favorite character, but in his own series they just used him as a clown, clumsy, weak and crybaby until the end, 10 years waiting for them to give us that. So I prefer Moon Knight",
    "likes": 0,
    "retweets": 0
},
{
    "id": 1523386915289935872,
    "user_id": 440073305,
    "created_at": "2022-05-08 19:38:38+00:00",
    "device": "Twitter Web App",
    "text": "Marvel binge watch ....",
    "likes": 0,
    "retweets": 0
},
{
    "id": 1523386915654750208,
    "user_id": 15613458,
    "created_at": "2022-05-08 19:38:38+00:00",
    "device": "Twitter for iPhone",
    "text": "Do I need to see Dr Strange 1 in order to understand/enjoy #MultiverseOfMadness ?",
    "likes": 0,
    "retweets": 0
},
{
    "id": 1523386898852433922,
    "user_id": 865169024279334912,
    "created_at": "2022-05-08 19:38:34+00:00",
    "device": "Twitter for Android",
    "text": "Doctor strange should be a character in the next Tony hawk. https://t.co/qceiq4spiS",
    "likes": 0,
    "retweets": 0
},
{
    "id": 1523386917689053184,
    "user_id": 1043577907266895872,
    "created_at": "2022-05-08 19:38:38+00:00",
    "device": "Twitter for iPhone",
    "text": "@KhameekJ03 Wasnt that mordo variant mordo",
    "likes": 0,
    "retweets": 0
},
{
    "id": 1523386917684797441,
    "user_id": 420226460,
    "created_at": "2022-05-08 19:38:38+00:00",
    "device": "Twitter for iPhone",
    "text": "Spider-man\nShang-chi\nDoctor Strange\nBW\nEternals https://t.co/41HGY99M1J",
    "likes": 0,
    "retweets": 0
},
{
    "id": 1523386919685701632,
    "user_id": 1400334649231085574,
    "created_at": "2022-05-08 19:38:39+00:00",
    "device": "Twitter for Android",
    "text": "@BlinkVotingCrew @BLACKPINK Spiderman: Homecoming\n\nI vote #Blackpink for #GrupoMusical + #Snowdrop for #S\u00e9rieAsi\u00e1tica + #BLACKPINKOFilme for #MelhorDoc + #Jisoo for #DestaqueS\u00e9rieAsi\u00e1tica + #Money for #M\u00fasicaInternacional\non #SECAwards (@BLACKPINK)",
    "likes": 0,
    "retweets": 0
},
{
    "id": 1523386916225568768,
    "user_id": 1370600869390123011,
    "created_at": "2022-05-08 19:38:38+00:00",
    "device": "Twitter for Android",
    "text": "@MarvelDato @MarvelTendencia @MarvelEstrenos 1- Dr Strange MoM (Excelente)\n2- Loki (Excelente)\n3- WHAT IF? (Excelente)\n4- Eternals\n5- Spiderman NWH\n6- Hawkeye\n7- Wandavision\n8- Falcon &amp; Winter Soldier (Horrible)\n9- Chang Chi (Horrible)\n10- Black Widow (Horrible)\n--------------------\nMoonknigth (no la he visto)",
    "likes": 0,
    "retweets": 0
},
{
    "id": 1523386922822905856,
    "user_id": 214229163,
    "created_at": "2022-05-08 19:38:40+00:00",
    "device": "Twitter for iPhone",
    "text": "No thanks https://t.co/pZTvHahXBH",
    "likes": 0,
    "retweets": 0
},
{
    "id": 1523386921216401409,
    "user_id": 1415176681782927362,
    "created_at": "2022-05-08 19:38:39+00:00",
    "device": "Twitter for iPhone",
    "text": "@bxxrglary fr also one of employees was giving me a look when i picked up marvel voices \ud83e\udd28",
    "likes": 0,
    "retweets": 0
},
{
    "id": 1523386923070689281,
    "user_id": 1508848574611742732,
    "created_at": "2022-05-08 19:38:40+00:00",
    "device": "Twitter for iPhone",
    "text": "@mcavoyist Watch Wolverine \ud83d\ude2d\ud83d\ude2d\ud83d\ude2d",
    "likes": 0,
    "retweets": 0
},
{
    "id": 1523386921384542210,
    "user_id": 1322778286649389056,
    "created_at": "2022-05-08 19:38:39+00:00",
    "device": "Twitter for iPhone",
    "text": "This wasn\u2019t taken from you if it was never given to you https://t.co/9TQP2bzoFi",
    "likes": 0,
    "retweets": 0
},
{
    "id": 1523386924680892416,
    "user_id": 2303939455,
    "created_at": "2022-05-08 19:38:40+00:00",
    "device": "Twitter for iPhone",
    "text": "I would love to be this delusion https://t.co/zwuQE9tiCy",
    "likes": 0,
    "retweets": 0
},
{
    "id": 1523386922495660033,
    "user_id": 1397431274160144385,
    "created_at": "2022-05-08 19:38:40+00:00",
    "device": "Twitter for Android",
    "text": "What is it https://t.co/LrUh816t9e",
    "likes": 0,
    "retweets": 0
},
{
    "id": 1523386927277166592,
    "user_id": 889539405920313345,
    "created_at": "2022-05-08 19:38:41+00:00",
    "device": "Twitter for iPhone",
    "text": "1. no way home\n2. multiverse\n3. black widow\n4.shang chi\n5. eternals https://t.co/4i9kD4dy9M",
    "likes": 0,
    "retweets": 0
},
{
    "id": 1523386928371888128,
    "user_id": 282779293,
    "created_at": "2022-05-08 19:38:41+00:00",
    "device": "Twitter for Android",
    "text": "This is why i'll never watch a marvel movie cause what the fuck is a earth-616 https://t.co/asZYBFvB3z",
    "likes": 0,
    "retweets": 0
},
{
    "id": 1523386929139445760,
    "user_id": 297377075,
    "created_at": "2022-05-08 19:38:41+00:00",
    "device": "Twitter for iPhone",
    "text": "\u201cEvery night the same dream, and every morning the same nightmare\u201d\n-Scarlet Witch #ScarletWitch #MultiverseOfMadness",
    "likes": 0,
    "retweets": 0
},
{
    "id": 1523386926656458754,
    "user_id": 739868751286280192,
    "created_at": "2022-05-08 19:38:41+00:00",
    "device": "Twitter for iPhone",
    "text": "@jasluvslizzie adults don\u2019t know how to write dialogue for children cus we all know billy and tommy woulda asked for fortnite cards instead",
    "likes": 0,
    "retweets": 0
},
{
    "id": 1523386928476815360,
    "user_id": 1080010427931742208,
    "created_at": "2022-05-08 19:38:41+00:00",
    "device": "Twitter Web App",
    "text": "Literally ripped right from the comics, but ok\u2026. https://t.co/kJfXjB4GXq",
    "likes": 0,
    "retweets": 0
},
{
    "id": 1523386927751176192,
    "user_id": 30109311,
    "created_at": "2022-05-08 19:38:41+00:00",
    "device": "Twitter for iPhone",
    "text": "the MCU cranks out 2 hour toy commercials that glamorize ultra-powerful elite superbeings who use violence to solve every problem in the world and blue checks lap it up but Wes Anderson will trend because his color palette is \u201cfascism-lite\u201d or whatever \ud83d\ude1c\ud83d\ude1c\ud83d\ude1c\ud83d\ude1c\ud83d\ude1c",
    "likes": 0,
    "retweets": 0
},
{
    "id": 1523386928694968321,
    "user_id": 1475319480016412672,
    "created_at": "2022-05-08 19:38:41+00:00",
    "device": "Twitter for iPhone",
    "text": "@ollyw1ll I think for many, they got over hyped on what they expected which caused the disappointment. For me I felt it was more a film that created a narrative for the future than focus on the story.\nIt should of also been a Wanda film, not a Doc Strange film",
    "likes": 0,
    "retweets": 0
},
{
    "id": 1523386930821763072,
    "user_id": 1058123375707672576,
    "created_at": "2022-05-08 19:38:42+00:00",
    "device": "Twitter for iPhone",
    "text": "@21af083fcb8d4e1 The problem isn\u2019t it being non comic accurate. The problem is it reinforces the evil alter stereotype.",
    "likes": 0,
    "retweets": 0
},
{
    "id": 1523386931366662145,
    "user_id": 1270635028519833601,
    "created_at": "2022-05-08 19:38:42+00:00",
    "device": "Twitter for Android",
    "text": "@DALLR_CFC Has visto Moon Knight?",
    "likes": 0,
    "retweets": 0
},
{
    "id": 1523386930565582849,
    "user_id": 1419789314,
    "created_at": "2022-05-08 19:38:42+00:00",
    "device": "Twitter for iPhone",
    "text": "Florence went full goblin mode and watched all the marvel movies",
    "likes": 0,
    "retweets": 0
},
{
    "id": 1523386932260052992,
    "user_id": 933590168,
    "created_at": "2022-05-08 19:38:42+00:00",
    "device": "Twitter for iPhone",
    "text": "Doctor strange with the kids and bf today. Happy Mother\u2019s Day \ud83c\udf39\ud83c\udf37\ud83e\udef6\ud83c\udffc\ud83c\udfa5\ud83d\ude0d",
    "likes": 0,
    "retweets": 0
},
{
    "id": 1523386930125471744,
    "user_id": 60308640,
    "created_at": "2022-05-08 19:38:41+00:00",
    "device": "Twitter Web App",
    "text": "Nice to be featured again! #MultiverseOfMadness \n\nHere's the review \u27a1\ufe0f https://t.co/Mfnxngjyhl https://t.co/iME0ozTPBk https://t.co/VxJpssqyz4",
    "likes": 0,
    "retweets": 0
},
{
    "id": 1523386931739979776,
    "user_id": 1166572853908713472,
    "created_at": "2022-05-08 19:38:42+00:00",
    "device": "Twitter for iPhone",
    "text": "@rejectedhannah He doesn\u2019t usually write his movies, but definitely needs to have full vision",
    "likes": 0,
    "retweets": 0
},
{
    "id": 1523386932348084224,
    "user_id": 290900097,
    "created_at": "2022-05-08 19:38:42+00:00",
    "device": "Twitter for Android",
    "text": "Multiverse of Madness\nSpiderman: No Way Home \nThe Eternals\nShang-Chi\nBlack Widow https://t.co/xhaqua8uCh",
    "likes": 0,
    "retweets": 0
},
{
    "id": 1523386935389016064,
    "user_id": 1506439197317509120,
    "created_at": "2022-05-08 19:38:43+00:00",
    "device": "Twitter Web App",
    "text": "@VozifySus 1. Spider-Man: No Way Home \n2. Shang-Chi and The Legend Of The Ten Rings \n3. Eternals \nHaven\u2019t watched MOM yet",
    "likes": 0,
    "retweets": 0
},
{
    "id": 1523386934835531777,
    "user_id": 1369348046857924608,
    "created_at": "2022-05-08 19:38:43+00:00",
    "device": "Twitter for iPhone",
    "text": "Her, Oscar as Moon Knight, and Charlie Cox as Matt Murdock are the GOD TIER mcu performances and that's not up for debate. https://t.co/JZKBJHg8qb",
    "likes": 0,
    "retweets": 0
},
{
    "id": 1523386935514996743,
    "user_id": 1000381454977814529,
    "created_at": "2022-05-08 19:38:43+00:00",
    "device": "Twitter for Android",
    "text": "no way home\nmultiverse of madness\nshanh chi\nblack widow \neternals https://t.co/Zn6dYf7V54",
    "likes": 0,
    "retweets": 0
},
{
    "id": 1523386935858720768,
    "user_id": 1510660779011461126,
    "created_at": "2022-05-08 19:38:43+00:00",
    "device": "Twitter for iPhone",
    "text": "@Mutant_Mal @cryptobull222x @Kdm41K @TribeQuokka Sad reply, for a sad mutant, ya need help, more than Ironman in his last scene\u2763\ufe0f",
    "likes": 0,
    "retweets": 0
},
{
    "id": 1523386934206156800,
    "user_id": 48650395,
    "created_at": "2022-05-08 19:38:42+00:00",
    "device": "Twitter for iPhone",
    "text": "This is really underwhelming given the other Marvel phases https://t.co/LImUuWnLNq",
    "likes": 0,
    "retweets": 0
},
{
    "id": 1523386936177659913,
    "user_id": 2602300309,
    "created_at": "2022-05-08 19:38:43+00:00",
    "device": "Twitter for Android",
    "text": "I GAGGED\n#MultiverseOfMadness https://t.co/w1y3Hr0DFu",
    "likes": 0,
    "retweets": 0
},
{
    "id": 1523386934969741321,
    "user_id": 1478661396569198592,
    "created_at": "2022-05-08 19:38:43+00:00",
    "device": "Twitter for iPhone",
    "text": "who  both  also  feel   kinda   OOC  in  this  movie  when  compared  to   their  counterparts  in  the  comics .\n\nand  there  are  parts  of  the  movie  that  are  badly  rushed  and  filled  with  cringy   typical  MCU  quips  that  ruin  tense  moments  as  usual .",
    "likes": 0,
    "retweets": 0
},
{
    "id": 1523386939432312833,
    "user_id": 1356537620927574019,
    "created_at": "2022-05-08 19:38:44+00:00",
    "device": "Twitter Web App",
    "text": "im on episode 3 of moon knight its really good",
    "likes": 0,
    "retweets": 0
},
{
    "id": 1523386938690260992,
    "user_id": 1369588713907511297,
    "created_at": "2022-05-08 19:38:44+00:00",
    "device": "Twitter for iPhone",
    "text": "@itsmukil Thor solos Wanda too she ain\u2019t even the strongest https://t.co/Hx53rzgzt6",
    "likes": 0,
    "retweets": 0
},
{
    "id": 1523386939533000704,
    "user_id": 980139187306287104,
    "created_at": "2022-05-08 19:38:44+00:00",
    "device": "Twitter for Android",
    "text": "@GiteshPandya Actuals will come in higher.  I'm thinking 188-190",
    "likes": 0,
    "retweets": 0
},
{
    "id": 1523386941731119109,
    "user_id": 15532759,
    "created_at": "2022-05-08 19:38:44+00:00",
    "device": "Twitter for iPhone",
    "text": "@DKSJ_0 @itssunpi From a story and visuals stand point it\u2019s pretty bad but it\u2019s still entertaining",
    "likes": 0,
    "retweets": 0
},
{
    "id": 1523386938249601025,
    "user_id": 1519023032366510081,
    "created_at": "2022-05-08 19:38:43+00:00",
    "device": "Twitter Web App",
    "text": "@APEntertainment @AP Democrats have ruined Hollywood. The people have turned their backs on these brainwashing Stalinist Thugs.",
    "likes": 0,
    "retweets": 0
},
{
    "id": 1523386941663703041,
    "user_id": 1107445649736241152,
    "created_at": "2022-05-08 19:38:44+00:00",
    "device": "Twitter for iPhone",
    "text": "@Bean_404_ @hzjoetv You still justifying you spoiling a big marvel movie days after it\u2019s release ?",
    "likes": 0,
    "retweets": 0
},
{
    "id": 1523386945090453504,
    "user_id": 1296520484297871360,
    "created_at": "2022-05-08 19:38:45+00:00",
    "device": "Twitter for iPhone",
    "text": "MCU fans and MCU haters are equally as annoying",
    "likes": 1,
    "retweets": 0
},
{
    "id": 1523386943572090880,
    "user_id": 1339984488126922753,
    "created_at": "2022-05-08 19:38:45+00:00",
    "device": "Twitter for iPhone",
    "text": "Like it\u2019s so much more creative and interesting than most MCU films",
    "likes": 0,
    "retweets": 0
},
{
    "id": 1523386943286890497,
    "user_id": 92087576,
    "created_at": "2022-05-08 19:38:45+00:00",
    "device": "Twitter Web App",
    "text": "@MrJayWashington Weren't some people complaining about having Phases 1-3 having an overarching story?",
    "likes": 0,
    "retweets": 0
},
{
    "id": 1523386942561263616,
    "user_id": 1348407955645874176,
    "created_at": "2022-05-08 19:38:44+00:00",
    "device": "Twitter for Android",
    "text": "@MCUPerfectGifs Unworthy of a ranking. The MCU ended with Endgame.",
    "likes": 0,
    "retweets": 0
},
{
    "id": 1523386944889131008,
    "user_id": 3130363834,
    "created_at": "2022-05-08 19:38:45+00:00",
    "device": "Twitter Web App",
    "text": "@AbsoluteEngine Abusive to family? Extremely. Tried to make the hero his protege? Revenge of the Green Goblin arc. Tried to make Hero kill him? Death of the family. Clone obsession? Clone Saga. Also has clone children. Has an evil protege? Menkin, Parker Robbins, etc. Functionally immortal? Yes.",
    "likes": 0,
    "retweets": 0
},
{
    "id": 1523386944587194374,
    "user_id": 256106478,
    "created_at": "2022-05-08 19:38:45+00:00",
    "device": "Twitter Web App",
    "text": "@Kosaba11 @_pvtr4_ wouldn't have mattered given what was in the movie",
    "likes": 0,
    "retweets": 0
},
{
    "id": 1523386943110754305,
    "user_id": 1196210615880171520,
    "created_at": "2022-05-08 19:38:45+00:00",
    "device": "Twitter for Android",
    "text": "@kjb_movies @SameerShah0 @VozifySus Long gap? Dude? I bet that sucker isn't hitting theaters until 2025. Maybe even 2026. They don't run stuff like Marvel over at WB.  Especially Matt Reeves.  They take way more time.",
    "likes": 0,
    "retweets": 0
},
{
    "id": 1523386950031446016,
    "user_id": 795868054697615360,
    "created_at": "2022-05-08 19:38:46+00:00",
    "device": "Twitter for iPhone",
    "text": "I need to see #MultiverseOfMadness again.",
    "likes": 0,
    "retweets": 0
},
{
    "id": 1523386948508815360,
    "user_id": 30837342,
    "created_at": "2022-05-08 19:38:46+00:00",
    "device": "Twitter Web App",
    "text": "@Tanner1495 I've missed power gaps",
    "likes": 0,
    "retweets": 0
},
{
    "id": 1523386947036585984,
    "user_id": 1212273144108421127,
    "created_at": "2022-05-08 19:38:45+00:00",
    "device": "Twitter for Android",
    "text": "@kairyluminess Rode my bike in 9th gear for 20 minutes nonstop, and also doctor strange",
    "likes": 0,
    "retweets": 0
},
{
    "id": 1523386948165206016,
    "user_id": 19139521,
    "created_at": "2022-05-08 19:38:46+00:00",
    "device": "TweetDeck",
    "text": "@TheGentnyc Lowkey, that\u2019s what I want. Especially given how well Marvel has been doing story building and character development",
    "likes": 0,
    "retweets": 0
},
{
    "id": 1523386948273901569,
    "user_id": 2740061961,
    "created_at": "2022-05-08 19:38:46+00:00",
    "device": "Twitter for iPhone",
    "text": "#MultiverseOfMadness  SPOILERS!!!!!!!\nThe biggest surprise was the fact Wong made it out of this movie alive",
    "likes": 0,
    "retweets": 0
},
{
    "id": 1523386949913915393,
    "user_id": 1343425717111951360,
    "created_at": "2022-05-08 19:38:46+00:00",
    "device": "Twitter for Android",
    "text": "CW // #MoonKnight spoilers\n-\n-\n-\n-\n-\n-\nsteven  :((",
    "likes": 0,
    "retweets": 0
},
{
    "id": 1523386952925425664,
    "user_id": 1360890945747750914,
    "created_at": "2022-05-08 19:38:47+00:00",
    "device": "Twitter for Android",
    "text": "@DanielRPK Idk hopefully Marvel let's them Fight",
    "likes": 0,
    "retweets": 0
},
{
    "id": 1523386951256391680,
    "user_id": 1432316684694695936,
    "created_at": "2022-05-08 19:38:46+00:00",
    "device": "Twitter Web App",
    "text": "@PhxntomNV Literally music to my ears in the most cinematic way possible.. well done sam raimi. https://t.co/qhWaK7tAMP",
    "likes": 0,
    "retweets": 0
},
{
    "id": 1523386954335014912,
    "user_id": 25891938,
    "created_at": "2022-05-08 19:38:47+00:00",
    "device": "Twitter Web App",
    "text": "Spider-Man: No Way Home, Doctor Strange in the Multiverse of Madness, Shang Chi and the Legend of the Ten Rings, Eternals, Black Widow https://t.co/49WhHaxHPV",
    "likes": 0,
    "retweets": 0
},
{
    "id": 1523386955815219201,
    "user_id": 966482691511078912,
    "created_at": "2022-05-08 19:38:48+00:00",
    "device": "Twitter for iPhone",
    "text": "You\u2019re dumb asf https://t.co/9gR4Yprbp9",
    "likes": 0,
    "retweets": 0
},
{
    "id": 1523386955060240384,
    "user_id": 370395361,
    "created_at": "2022-05-08 19:38:47+00:00",
    "device": "Twitter for Android",
    "text": "@Noyis_ 1-eternals\n2-doctor strange 2\n3-spider man 3\n4-black widow\n5- Shan shi",
    "likes": 0,
    "retweets": 0
},
{
    "id": 1523386955219673088,
    "user_id": 1438360754302955520,
    "created_at": "2022-05-08 19:38:47+00:00",
    "device": "Twitter for Android",
    "text": "@HurriyetNiyaz I DIDN'T KNOW EITHER",
    "likes": 0,
    "retweets": 0
},
{
    "id": 1523386955022868480,
    "user_id": 4705534536,
    "created_at": "2022-05-08 19:38:47+00:00",
    "device": "Twitter for iPhone",
    "text": "#DoctorStrange and the Multiverse of Jumpscares. Bitch, the movie was WILD! \ud83d\udc85\ud83c\udffc\u2728\ud83e\udde1",
    "likes": 0,
    "retweets": 0
},
{
    "id": 1523386960919732224,
    "user_id": 390883655,
    "created_at": "2022-05-08 19:38:49+00:00",
    "device": "Twitter for Android",
    "text": "My \u2605\u2605\u00bd review of American Pie on Letterboxd https://t.co/flEeoAn2CC",
    "likes": 0,
    "retweets": 0
},
{
    "id": 1523386959107969024,
    "user_id": 1264560280450863111,
    "created_at": "2022-05-08 19:38:48+00:00",
    "device": "Twitter for iPhone",
    "text": "An all-white suit and mask in genetics isn\u2019t??? https://t.co/RKGoIaRKr6",
    "likes": 0,
    "retweets": 0
},
{
    "id": 1523386959493705728,
    "user_id": 1475514021532954624,
    "created_at": "2022-05-08 19:38:48+00:00",
    "device": "Twitter Web App",
    "text": "@Spider_Brody @CB_Spiderman @DarkDefective Yea I can't say the same for this film unfortunately",
    "likes": 0,
    "retweets": 0
},
{
    "id": 1523386960018309120,
    "user_id": 47104534,
    "created_at": "2022-05-08 19:38:49+00:00",
    "device": "Twitter for iPhone",
    "text": "Judging by how people talking about dr  strange I know I\u2019ll hate it can\u2019t wait to roast marvel again lmao",
    "likes": 0,
    "retweets": 0
}]