[{
    "id": 1523387053957779457,
    "user_id": 1506295970694373384,
    "created_at": "2022-05-08 19:39:11+00:00",
    "device": "Twitter for iPhone",
    "text": "1. Spider-Man \n2. Multiverse of Madness\n3. Shang-Chi\n4. Black Widow\n5. Eternals https://t.co/hTun5EQ7mk",
    "likes": 0,
    "retweets": 0
},
{
    "id": 1523387055102853120,
    "user_id": 1167320942,
    "created_at": "2022-05-08 19:39:11+00:00",
    "device": "Twitter for iPhone",
    "text": "@TheRealWaddle There\u2019s so many \ud83d\ude02",
    "likes": 0,
    "retweets": 0
},
{
    "id": 1523387053924225024,
    "user_id": 1285027480995155968,
    "created_at": "2022-05-08 19:39:11+00:00",
    "device": "Twitter for iPhone",
    "text": "@comicsexplained Disney PLEASE DONT NERF HIM @disneyplus @Disney @MarvelStudios @Marvel",
    "likes": 0,
    "retweets": 0
},
{
    "id": 1523387055975600128,
    "user_id": 42862665,
    "created_at": "2022-05-08 19:39:11+00:00",
    "device": "Twitter for iPhone",
    "text": "Now that I finally watched #DoctorStrange, i can stop avoiding spoilers \ud83d\ude0c",
    "likes": 0,
    "retweets": 0
},
{
    "id": 1523387055765528576,
    "user_id": 2889348847,
    "created_at": "2022-05-08 19:39:11+00:00",
    "device": "Twitter for iPhone",
    "text": "MOTHER https://t.co/NFvDPqbIVr",
    "likes": 0,
    "retweets": 0
},
{
    "id": 1523387057061916673,
    "user_id": 1387130568752746504,
    "created_at": "2022-05-08 19:39:12+00:00",
    "device": "Twitter for Android",
    "text": "| #MultiverseOfMadness Spoiler |\n.\nIn honor of Multiverse of Madness and Mother's day I made my first Wanda edit \ud83d\ude48 hope you like it \ud83e\udd70 https://t.co/pzPw5w1d0S",
    "likes": 0,
    "retweets": 0
},
{
    "id": 1523387061226684421,
    "user_id": 1480453519,
    "created_at": "2022-05-08 19:39:13+00:00",
    "device": "Twitter for Android",
    "text": "1. NWH\n2. MoM\n3. Eternals\n4. Shang Chi\n5. Black Widow https://t.co/MlPCttvwgp",
    "likes": 0,
    "retweets": 0
},
{
    "id": 1523387062875222018,
    "user_id": 315756745,
    "created_at": "2022-05-08 19:39:13+00:00",
    "device": "Twitter for iPhone",
    "text": "i can not WAIT for this movie. #ThorLoveAndThunder https://t.co/t0IEGTFG61",
    "likes": 0,
    "retweets": 0
},
{
    "id": 1523387062657089536,
    "user_id": 1242522602565926918,
    "created_at": "2022-05-08 19:39:13+00:00",
    "device": "Twitter for iPhone",
    "text": "I kinda hated the new Spider-Man movie tbh\u2026.",
    "likes": 0,
    "retweets": 0
},
{
    "id": 1523387065441824768,
    "user_id": 1321255999383105537,
    "created_at": "2022-05-08 19:39:14+00:00",
    "device": "Twitter for iPhone",
    "text": "i\u2019ve done it!!! fire sarah finn immediately! @MarvelStudios @Marvel https://t.co/a4saAWSfRk",
    "likes": 0,
    "retweets": 0
},
{
    "id": 1523387065257275392,
    "user_id": 1167251465888419840,
    "created_at": "2022-05-08 19:39:14+00:00",
    "device": "Twitter for iPhone",
    "text": "1. No Way Home\n2. Shang Chi\n3. Black Widow\n4. M.O.M\n5. Eternals https://t.co/iNPHXkYIsR",
    "likes": 0,
    "retweets": 0
},
{
    "id": 1523387067505397760,
    "user_id": 1482404820334096389,
    "created_at": "2022-05-08 19:39:14+00:00",
    "device": "Twitter for Android",
    "text": "@pinkflix @raptiye_rap @jamses67 @hamniallton @MCUPerfectGifs Peter is a dumb teenage kid that thought he could take the easy way out of his problems and sought doctor strange... On top of that he messed up a spell that was made to fix his problems by adding even more exceptions he caused it all and paid for it at the end of the movie",
    "likes": 0,
    "retweets": 0
},
{
    "id": 1523387067211804672,
    "user_id": 2313866790,
    "created_at": "2022-05-08 19:39:14+00:00",
    "device": "Twitter for iPhone",
    "text": "and he was a complete ass to peter that's not his child! https://t.co/4INVeyNav6",
    "likes": 0,
    "retweets": 0
},
{
    "id": 1523387068327809026,
    "user_id": 1403565404761387008,
    "created_at": "2022-05-08 19:39:14+00:00",
    "device": "Twitter for iPhone",
    "text": "@616sol last time i went into a comic shop the owner told me about his batcat fanfiction so its always hit or miss",
    "likes": 0,
    "retweets": 0
},
{
    "id": 1523387067598012417,
    "user_id": 1477728923454746625,
    "created_at": "2022-05-08 19:39:14+00:00",
    "device": "Twitter Web App",
    "text": "@therealsupes Leviticus 18:22\nThou shalt not lie with mankind, as with womankind: it is abomination\n \nWhen did GOD change his mind about this? The devil i.e. @HouseDemocrats @SenateDems @JoeBiden are manipulators &amp; evil with smiles on their faces @espn @MarvelStudios @disneyplus @NBA @NFL @MLB",
    "likes": 0,
    "retweets": 0
},
{
    "id": 1523387068872675328,
    "user_id": 1010185970359111681,
    "created_at": "2022-05-08 19:39:15+00:00",
    "device": "Twitter for iPhone",
    "text": "#MultiverseOfMadness SPOILERS \n-\n-\n-\n-\n-\n-\n-\n-\n-\nI FUCKIBG LOVE HOW POWERFUL WANDA WAS IN THIS MOVIE LIKE YES GIRL DESTROY THEM ALL",
    "likes": 0,
    "retweets": 0
},
{
    "id": 1523387075935973377,
    "user_id": 1482135646340796416,
    "created_at": "2022-05-08 19:39:16+00:00",
    "device": "WordPress.com",
    "text": "Huge \u2018Doctor Strange\u2019 Opening Gives Hollywood a\u00a0Boost https://t.co/iKJ4ezxGgt",
    "likes": 0,
    "retweets": 0
},
{
    "id": 1523387076665700352,
    "user_id": 1473580688498577410,
    "created_at": "2022-05-08 19:39:16+00:00",
    "device": "Twitter for iPhone",
    "text": "wish he'd knew https://t.co/iWLyMQV52Q",
    "likes": 0,
    "retweets": 0
},
{
    "id": 1523387077387341824,
    "user_id": 1359806510,
    "created_at": "2022-05-08 19:39:17+00:00",
    "device": "Twitter for Android",
    "text": "Black Widow is Phase 4? Lol isn't it a prequel https://t.co/xtWFxhLgzK",
    "likes": 0,
    "retweets": 0
},
{
    "id": 1523387076728836096,
    "user_id": 1187749615698927619,
    "created_at": "2022-05-08 19:39:16+00:00",
    "device": "Twitter for iPhone",
    "text": "@LyingTarot @Spider_Culture Everyone shit on RDJ for babying Spider-Man and giving him everything good comment I totally agree even tho I liked the bond between Spider-Man and iron man",
    "likes": 0,
    "retweets": 0
},
{
    "id": 1523387079736111104,
    "user_id": 2877072707,
    "created_at": "2022-05-08 19:39:17+00:00",
    "device": "Twitter for iPhone",
    "text": "moonknight\n\n\u2606\u2606\u2606\u2606 https://t.co/ECL6fJUfIG",
    "likes": 0,
    "retweets": 0
},
{
    "id": 1523387077290647552,
    "user_id": 2177651203,
    "created_at": "2022-05-08 19:39:17+00:00",
    "device": "Twitter Web App",
    "text": "@diaryunpressed @ShinDarkeyes It's a continuity heavy franchise that's burdened with explaining references. This is true of Marvel movies now, but this one had more to say. Jumping into Scarlett sooner required that rushed  exposition to leave the remaining film free of it.",
    "likes": 0,
    "retweets": 0
},
{
    "id": 1523387077010026496,
    "user_id": 1053128097443254274,
    "created_at": "2022-05-08 19:39:16+00:00",
    "device": "Twitter Web App",
    "text": "Shang Chi = the Best https://t.co/FlF29kWzpE",
    "likes": 0,
    "retweets": 0
},
{
    "id": 1523387079270764544,
    "user_id": 780937769573023746,
    "created_at": "2022-05-08 19:39:17+00:00",
    "device": "Twitter for Android",
    "text": "The emotional pay-off at the end was really satisfying, so glad I wasn't spoiled on the cameos either since I really liked them even if there weren't too many, fantastic film. https://t.co/gdIlTGM1Y2",
    "likes": 0,
    "retweets": 0
},
{
    "id": 1523387083074666496,
    "user_id": 2393066191,
    "created_at": "2022-05-08 19:39:18+00:00",
    "device": "Twitter for iPhone",
    "text": "It was better in 3-D. #DoctorStrange",
    "likes": 0,
    "retweets": 0
},
{
    "id": 1523387081124630528,
    "user_id": 985788978,
    "created_at": "2022-05-08 19:39:17+00:00",
    "device": "Twitter for iPhone",
    "text": "@WonderWilson18 The only one I played was Battle for Volcano Island. It was fun as hell!",
    "likes": 0,
    "retweets": 0
},
{
    "id": 1523387081875066882,
    "user_id": 27279486,
    "created_at": "2022-05-08 19:39:18+00:00",
    "device": "Twitter for Android",
    "text": "Shang-Chi\nNo Way Home\nEternals\nBlack Widow\n\nNot sure where to throw MoM yet but it was good as hell. Matter of fact, all the Phase 4 movies are at minimum \"decent\". https://t.co/jPmlqXVGCY",
    "likes": 0,
    "retweets": 0
},
{
    "id": 1523387083792203776,
    "user_id": 448287694,
    "created_at": "2022-05-08 19:39:18+00:00",
    "device": "Twitter for iPhone",
    "text": "If Jessica Alba doesn\u2019t come back as Sue Storm\u2026@Marvel will have failed me for the first time.",
    "likes": 0,
    "retweets": 0
},
{
    "id": 1523387083133308929,
    "user_id": 547231764,
    "created_at": "2022-05-08 19:39:18+00:00",
    "device": "Twitter Web App",
    "text": "First, the main character, besides Dr. Strange and Wanda (the Scarlet Witch), is some kid \"of Mexican descent\" as her Wikipedia page says. Her name is Xochitl Gomez, which means her parents are Mexi-Woke, honoring the Aztec blood in their line instead of the Spanish.",
    "likes": 0,
    "retweets": 0
},
{
    "id": 1523387084991438853,
    "user_id": 1191362327620259840,
    "created_at": "2022-05-08 19:39:18+00:00",
    "device": "Twitter for iPhone",
    "text": "@kidnanners @SDanielStyle16 @LukeFlux1 @therealsupes That\u2019s when I KNEW we want in Kansas anymore!\n\nMarvel is going DARK",
    "likes": 0,
    "retweets": 0
},
{
    "id": 1523387084467187712,
    "user_id": 825365195476316160,
    "created_at": "2022-05-08 19:39:18+00:00",
    "device": "Twitter for iPhone",
    "text": "@MCUPerfectGifs DSMOM\nNWH\nBW = SC\nExternals",
    "likes": 0,
    "retweets": 0
},
{
    "id": 1523387087831007232,
    "user_id": 1243667876415967233,
    "created_at": "2022-05-08 19:39:19+00:00",
    "device": "Twitter for iPad",
    "text": "@Scripts_Marvel for rachel mcadams yea",
    "likes": 0,
    "retweets": 0
},
{
    "id": 1523387085100527618,
    "user_id": 472782901,
    "created_at": "2022-05-08 19:39:18+00:00",
    "device": "Twitter Web App",
    "text": "That's for sure my favorite Marvel scene.\n\n That or when Thanos was destroying through the Avengers like bbq pulled pork at the end of infinity war.",
    "likes": 0,
    "retweets": 0
},
{
    "id": 1523387087256363008,
    "user_id": 1493667810056179713,
    "created_at": "2022-05-08 19:39:19+00:00",
    "device": "Twitter for iPhone",
    "text": "@f0zzyguy @ToniZams @BoredBiller @Jakeewest0n @Cinemaniac94 Or\u2026 now hear me out\u2026 just give it a thought\u2026 galactus",
    "likes": 0,
    "retweets": 0
},
{
    "id": 1523387092083961856,
    "user_id": 286472884,
    "created_at": "2022-05-08 19:39:20+00:00",
    "device": "Twitter for Android",
    "text": "@LanceStLaurent Really? I found Black Widow very boring.",
    "likes": 0,
    "retweets": 0
},
{
    "id": 1523387092163719170,
    "user_id": 1328412775467638799,
    "created_at": "2022-05-08 19:39:20+00:00",
    "device": "Twitter Web App",
    "text": "@Marvel_Nerd489 @216_TheOne @GodEmperorBoss Not surprised that it's tik-tok of all places, they have edp after all",
    "likes": 0,
    "retweets": 0
},
{
    "id": 1523387091220008960,
    "user_id": 1399817607210020864,
    "created_at": "2022-05-08 19:39:20+00:00",
    "device": "Twitter for iPhone",
    "text": "the way spider-man 3 was played every two hours everyday on fox was crazy man",
    "likes": 0,
    "retweets": 0
},
{
    "id": 1523387092935397377,
    "user_id": 1399817607210020864,
    "created_at": "2022-05-08 19:39:20+00:00",
    "device": "Twitter for iPhone",
    "text": "and i watched it every single day \ud83d\ude01",
    "likes": 0,
    "retweets": 0
},
{
    "id": 1523387091312586752,
    "user_id": 1935977857,
    "created_at": "2022-05-08 19:39:20+00:00",
    "device": "Twitter for iPad",
    "text": "@RankedGabe @Scripts_Marvel You\u2019re quite incorrect",
    "likes": 0,
    "retweets": 0
},
{
    "id": 1523387088439230465,
    "user_id": 1313390390117048320,
    "created_at": "2022-05-08 19:39:19+00:00",
    "device": "Twitter for iPhone",
    "text": "@MCUPerfectGifs Spider-Man\nBlack Widow\nDr Strange\n\nShang Chi\nEternals",
    "likes": 0,
    "retweets": 0
},
{
    "id": 1523387094332153856,
    "user_id": 761613424711249921,
    "created_at": "2022-05-08 19:39:21+00:00",
    "device": "Twitter for iPhone",
    "text": "@MCUPerfectGifs No Way Home\nDr Strange\nShang Chi\nBlack Widow\nEternals",
    "likes": 0,
    "retweets": 0
},
{
    "id": 1523387095611551745,
    "user_id": 190851811,
    "created_at": "2022-05-08 19:39:21+00:00",
    "device": "Twitter for Android",
    "text": "@DarthGamboni @CameronSilas If Odin has an 8 legged horse in the MCU then the picture features 2 moms \ud83e\udd23",
    "likes": 0,
    "retweets": 0
},
{
    "id": 1523387095191998464,
    "user_id": 539397671,
    "created_at": "2022-05-08 19:39:21+00:00",
    "device": "Twitter for iPhone",
    "text": "my king https://t.co/0ifBLn6odI",
    "likes": 0,
    "retweets": 0
},
{
    "id": 1523387092302184449,
    "user_id": 1422497605750231087,
    "created_at": "2022-05-08 19:39:20+00:00",
    "device": "Twitter for Android",
    "text": "Amazing pieces\ud83d\udc99\ud83d\ude0d\n#XTZ  #NFTs https://t.co/QGnv0zB5dD",
    "likes": 0,
    "retweets": 0
},
{
    "id": 1523387090829930497,
    "user_id": 1011543390150803456,
    "created_at": "2022-05-08 19:39:20+00:00",
    "device": "Twitter for iPhone",
    "text": "#MultiverseOfMadness S tier movie \ud83e\udd71",
    "likes": 0,
    "retweets": 0
},
{
    "id": 1523387099608907776,
    "user_id": 1107811483222577152,
    "created_at": "2022-05-08 19:39:22+00:00",
    "device": "Twitter for iPhone",
    "text": "@Marvfess doctor strange\nnwh\nshangchi\neternals\nblack widow",
    "likes": 0,
    "retweets": 0
},
{
    "id": 1523387100233539585,
    "user_id": 1284254080781737987,
    "created_at": "2022-05-08 19:39:22+00:00",
    "device": "Twitter for iPhone",
    "text": "@igniteivan @kinghazard01 The should remove that ka word British\ud83d\ude01",
    "likes": 0,
    "retweets": 0
},
{
    "id": 1523387100535484418,
    "user_id": 1462330230484488195,
    "created_at": "2022-05-08 19:39:22+00:00",
    "device": "Twitter for Android",
    "text": "@kummiesnurtummy @TaraMaster5 @ArgonMasters Both are stronger than either version really.\n\nZatanna has feats that blow anything Wanda has done, comic or movie, out of the water. I didn't realize just how busted she is until recently",
    "likes": 0,
    "retweets": 0
},
{
    "id": 1523387097733734401,
    "user_id": 2980320279,
    "created_at": "2022-05-08 19:39:21+00:00",
    "device": "Twitter for iPhone",
    "text": "shang-chi\nmom\nblack widow\nnwh\neternals https://t.co/NkDcuxIhsq",
    "likes": 0,
    "retweets": 0
},
{
    "id": 1523387098807795712,
    "user_id": 1492992727264501760,
    "created_at": "2022-05-08 19:39:22+00:00",
    "device": "Twitter Web App",
    "text": "Doctor Strange was 8/10. warra movie",
    "likes": 0,
    "retweets": 0
},
{
    "id": 1523387104092246017,
    "user_id": 548080919,
    "created_at": "2022-05-08 19:39:23+00:00",
    "device": "Twitter for iPhone",
    "text": "I don\u2019t believe endgame did a billion in a single weekend is there even capacity for that?? https://t.co/M3ueQMeoSl",
    "likes": 0,
    "retweets": 0
},
{
    "id": 1523387105048936448,
    "user_id": 1086843898427834368,
    "created_at": "2022-05-08 19:39:23+00:00",
    "device": "Twitter for iPhone",
    "text": "marvel got yall brainwashed good talking bout wanda beating superman",
    "likes": 0,
    "retweets": 0
},
{
    "id": 1523387101311823872,
    "user_id": 992305934071250944,
    "created_at": "2022-05-08 19:39:22+00:00",
    "device": "Twitter for Android",
    "text": "@Stuntman_MIK3 mcu stans whenever an actor in mcu cry or make a sad face https://t.co/ngRF7Bjm5I",
    "likes": 0,
    "retweets": 0
},
{
    "id": 1523387099411451904,
    "user_id": 1452823709756973060,
    "created_at": "2022-05-08 19:39:22+00:00",
    "device": "Twitter for Android",
    "text": "@PuffballsUnited That's why I like Misterio so much, he's not powerful, but had a working plan and that made him a threat",
    "likes": 0,
    "retweets": 0
},
{
    "id": 1523387105871003648,
    "user_id": 2833778154,
    "created_at": "2022-05-08 19:39:23+00:00",
    "device": "Twitter Web App",
    "text": "I adore Taweret #moonknightfanart #MoonKnight \n\nhttps://t.co/SszOK0jbxL",
    "likes": 0,
    "retweets": 0
},
{
    "id": 1523387109024813057,
    "user_id": 1400334649231085574,
    "created_at": "2022-05-08 19:39:24+00:00",
    "device": "Twitter for Android",
    "text": "@BlinkVotingCrew @BLACKPINK Black panther\n\nI vote #Blackpink for #GrupoMusical + #Snowdrop for #S\u00e9rieAsi\u00e1tica + #BLACKPINKOFilme for #MelhorDoc + #Jisoo for #DestaqueS\u00e9rieAsi\u00e1tica + #Money for #M\u00fasicaInternacional\non #SECAwards (@BLACKPINK)",
    "likes": 0,
    "retweets": 0
},
{
    "id": 1523387106264985600,
    "user_id": 1070834057389490176,
    "created_at": "2022-05-08 19:39:23+00:00",
    "device": "Twitter for iPhone",
    "text": "#NoWayHome easily clears and #MultiverseOfMadness is mid asf https://t.co/M3lIMBUPov https://t.co/ucQvfC4Tdd",
    "likes": 0,
    "retweets": 0
},
{
    "id": 1523387106789191680,
    "user_id": 983309941,
    "created_at": "2022-05-08 19:39:24+00:00",
    "device": "Twitter for Android",
    "text": "i hate doctor strange https://t.co/OegBMUCIIk",
    "likes": 0,
    "retweets": 0
},
{
    "id": 1523387111038066689,
    "user_id": 218776147,
    "created_at": "2022-05-08 19:39:25+00:00",
    "device": "Twitter for iPhone",
    "text": "@carlosgzz03 Perfect Mother\u2019s Day meme",
    "likes": 0,
    "retweets": 0
},
{
    "id": 1523387109830062087,
    "user_id": 139247417,
    "created_at": "2022-05-08 19:39:24+00:00",
    "device": "Twitter for iPhone",
    "text": "I don\u2019t even think Spider-Man should be included here, but I guess\u2026\n1) Spider-Man NWH\n2) Shang Chi\n3) Eternals \n\u2026\u2026.\n\u2026\u2026\u2026..\n\u2026\u2026\u2026\u2026\u2026.\n\u2026\u2026\u2026\u2026\u2026\u2026\u2026.\n4) Doctor Strange 2\n\u2026\u2026\u2026\u2026..\n\u2026\u2026\u2026..\n\u2026\u2026\u2026..\n\u2026\u2026\u2026\u2026\u2026\u2026\n\u2026\u2026\u2026\u2026\u2026\u2026..\n5) Black Widow, but only bc it\u2019s up here. https://t.co/kOjtEyzrrb",
    "likes": 0,
    "retweets": 0
},
{
    "id": 1523387111893700610,
    "user_id": 930827592,
    "created_at": "2022-05-08 19:39:25+00:00",
    "device": "Twitter for iPhone",
    "text": "Check out this cool #BenReilly #SpiderMan #Variant #Cover I picked up today, has a cool 90\u2019s vibe to it! \ud83e\udd18\ud83c\udffb https://t.co/D6ajLbtI20",
    "likes": 0,
    "retweets": 0
},
{
    "id": 1523387111184863232,
    "user_id": 1325011077172752384,
    "created_at": "2022-05-08 19:39:25+00:00",
    "device": "Twitter for Android",
    "text": "eternals \nblack widow\nshang chi\nmom\nnwh \ud83d\udc86 https://t.co/0TJFG8OV5r",
    "likes": 0,
    "retweets": 0
},
{
    "id": 1523387111768006659,
    "user_id": 190111089,
    "created_at": "2022-05-08 19:39:25+00:00",
    "device": "Twitter for iPhone",
    "text": "1. NWH\n2. Shang-Chi\nT-3. MoM\nT-3. Eternals\n5. Black Widow https://t.co/027x4uT1dU",
    "likes": 0,
    "retweets": 0
},
{
    "id": 1523387111805751296,
    "user_id": 1505884015307464705,
    "created_at": "2022-05-08 19:39:25+00:00",
    "device": "Twitter for Android",
    "text": "@PhxntomNV One of the best scenes in the movie.I instantly thought of Spider-Man 3 final fight with sound. Sam loves a fight with sound.",
    "likes": 0,
    "retweets": 0
},
{
    "id": 1523387111721734144,
    "user_id": 1310813381515862017,
    "created_at": "2022-05-08 19:39:25+00:00",
    "device": "Twitter for Android",
    "text": "1. Spider-Man No Way Home\n2. Shang-Chi and the Legend of the Ten Rings\n3. Black Widow\n4. Doctor Strange in the Multiverse of Madness\n5. Eternals https://t.co/P8MzeSZAnr",
    "likes": 0,
    "retweets": 0
},
{
    "id": 1523387112921260032,
    "user_id": 1473184443368148992,
    "created_at": "2022-05-08 19:39:25+00:00",
    "device": "Twitter for Android",
    "text": "@rat_hospital @montiguew @Browntable_Ent The thing is tho after that strange has very little connection to Spiderman now, any of them really, they'd just be there for the sake of being there",
    "likes": 0,
    "retweets": 0
},
{
    "id": 1523387112946425856,
    "user_id": 875011962253475840,
    "created_at": "2022-05-08 19:39:25+00:00",
    "device": "Twitter for iPhone",
    "text": "should i be responsible n study for finals or should i succumb to my depression and binge watch moonknight",
    "likes": 0,
    "retweets": 0
},
{
    "id": 1523387109968547843,
    "user_id": 1152730084828073984,
    "created_at": "2022-05-08 19:39:24+00:00",
    "device": "Twitter for Android",
    "text": "oh my god oh my god a ms marvel show",
    "likes": 0,
    "retweets": 0
},
{
    "id": 1523387109897572352,
    "user_id": 3099362140,
    "created_at": "2022-05-08 19:39:24+00:00",
    "device": "Twitter for iPhone",
    "text": "no way home, black widow, multiverse of madness, shang-chi and eternals https://t.co/JsgpZ2lmOi",
    "likes": 0,
    "retweets": 0
},
{
    "id": 1523387116876894208,
    "user_id": 129126623,
    "created_at": "2022-05-08 19:39:26+00:00",
    "device": "Twitter for iPhone",
    "text": "@DarkDefective I\u2019d argue the first bad decision in the MCU was Whiplash.",
    "likes": 0,
    "retweets": 0
},
{
    "id": 1523387115177865216,
    "user_id": 1342419617747070977,
    "created_at": "2022-05-08 19:39:26+00:00",
    "device": "Twitter for Android",
    "text": "There will probably be MCU sexuallity soon",
    "likes": 0,
    "retweets": 0
},
{
    "id": 1523387114452406273,
    "user_id": 1222734409914363904,
    "created_at": "2022-05-08 19:39:25+00:00",
    "device": "Twitter Web App",
    "text": "The niece &amp; I are going to watch #DoctorStrange tonight at the Chief Drive In, in Oklahoma.\n\nI will be proudly supporting the #HorrorCommunity as a Sam Raimi fan with my @CAVITYCOLORS 40th Anniversary of Evil Dead shirt.\n\nThe Drive In will NEVER die!\n#MutantFam #TheLastDriveIn https://t.co/YDE7ONeQj4",
    "likes": 0,
    "retweets": 0
},
{
    "id": 1523387116012584960,
    "user_id": 2696806283,
    "created_at": "2022-05-08 19:39:26+00:00",
    "device": "Twitter for Android",
    "text": "Strange, shang chi, spiderman, eternals, black widow https://t.co/paaeKkOBnc",
    "likes": 0,
    "retweets": 0
},
{
    "id": 1523387114741714946,
    "user_id": 4880997405,
    "created_at": "2022-05-08 19:39:25+00:00",
    "device": "Twitter for Android",
    "text": "By God, this is one way of reinforcing how far Marvel's MCU has fallen... https://t.co/DaWFctW1Ar",
    "likes": 0,
    "retweets": 0
},
{
    "id": 1523387115995754497,
    "user_id": 22216516,
    "created_at": "2022-05-08 19:39:26+00:00",
    "device": "Twitter for iPhone",
    "text": "@wesisrad @elusiveemily I might agree with this",
    "likes": 0,
    "retweets": 0
},
{
    "id": 1523387115496611840,
    "user_id": 2250761447,
    "created_at": "2022-05-08 19:39:26+00:00",
    "device": "Twitter for iPhone",
    "text": "@YTDoubleYou Accurate.",
    "likes": 0,
    "retweets": 0
},
{
    "id": 1523387114972274688,
    "user_id": 1470483118272434179,
    "created_at": "2022-05-08 19:39:26+00:00",
    "device": "Twitter for iPhone",
    "text": "@Bad_Durandal I\u2019m just asking for you to give your address. I mean you seem to be okay with people just showing up outside of your home. Or do you now think that it\u2019s harassment?",
    "likes": 0,
    "retweets": 0
},
{
    "id": 1523387118977908736,
    "user_id": 1178707401307934720,
    "created_at": "2022-05-08 19:39:26+00:00",
    "device": "Twitter for Android",
    "text": "@Spider_Culture None he serves zero purpose is the story and seeing how wanda handled capitan marvel, mr fantastic, black bolt and professor X there is no way he could have stood a chance.",
    "likes": 0,
    "retweets": 0
},
{
    "id": 1523387118633951232,
    "user_id": 1207830176525996033,
    "created_at": "2022-05-08 19:39:26+00:00",
    "device": "Twitter for iPhone",
    "text": "@Nerdrotics I wish you\u2019d become a good conservative",
    "likes": 0,
    "retweets": 0
},
{
    "id": 1523387121465241600,
    "user_id": 1069996265151307776,
    "created_at": "2022-05-08 19:39:27+00:00",
    "device": "Twitter for Android",
    "text": "@RawbertBeef @femboymess so far we haven't seen enough of him so I hope they can do what you just explained in a very necessary season 2",
    "likes": 0,
    "retweets": 0
},
{
    "id": 1523387117014896641,
    "user_id": 1664071130,
    "created_at": "2022-05-08 19:39:26+00:00",
    "device": "Twitter for iPhone",
    "text": "@DisTrackers @ianswiftt13 YOOO THAT\u2019S SICK",
    "likes": 0,
    "retweets": 0
},
{
    "id": 1523387119577669632,
    "user_id": 1370724895714377728,
    "created_at": "2022-05-08 19:39:27+00:00",
    "device": "Twitter for iPhone",
    "text": "Remember this guy? This is him now.. Feel old yet? #MultiverseOfMadness https://t.co/1mROZ6u5Lr",
    "likes": 0,
    "retweets": 0
},
{
    "id": 1523387118965256193,
    "user_id": 66881211,
    "created_at": "2022-05-08 19:39:26+00:00",
    "device": "Twitter for iPhone",
    "text": "@heroichollywood The first one for sure",
    "likes": 0,
    "retweets": 0
},
{
    "id": 1523387124183044098,
    "user_id": 606731867,
    "created_at": "2022-05-08 19:39:28+00:00",
    "device": "Twitter for iPhone",
    "text": "lukewarm take but i dont give a fuck \u201cwhere the mcu is going\u201d as long as the movies and shows are entertaining and the stories have meaning",
    "likes": 0,
    "retweets": 0
},
{
    "id": 1523387122413355010,
    "user_id": 1210320409100529666,
    "created_at": "2022-05-08 19:39:27+00:00",
    "device": "Twitter for iPhone",
    "text": "Just watched the new Doctor strange movie, and it was grate!",
    "likes": 0,
    "retweets": 0
},
{
    "id": 1523387125474897920,
    "user_id": 1360981937045782529,
    "created_at": "2022-05-08 19:39:28+00:00",
    "device": "Twitter Web App",
    "text": "@DiscussingFilm Looks so bad.",
    "likes": 0,
    "retweets": 0
},
{
    "id": 1523387124212387840,
    "user_id": 1519467250637496322,
    "created_at": "2022-05-08 19:39:28+00:00",
    "device": "Twitter for iPhone",
    "text": "nwh\nshang-chi\neternals\nmom\nblack widow https://t.co/ALyssPRKST",
    "likes": 0,
    "retweets": 0
},
{
    "id": 1523387124187205634,
    "user_id": 1457256182855323653,
    "created_at": "2022-05-08 19:39:28+00:00",
    "device": "Twitter for Android",
    "text": "Rank MCU Shows!\nMy Ranking:\n1)#MoonKnight\n2)#WandaVision \n3)#Loki\n4)#WhatIf https://t.co/z27L0nR32F",
    "likes": 0,
    "retweets": 0
},
{
    "id": 1523387123532935169,
    "user_id": 1152502387,
    "created_at": "2022-05-08 19:39:28+00:00",
    "device": "Twitter for iPhone",
    "text": "eternals\nnwh\nshang-chi\n\ndsmom\n\nblack widow https://t.co/vfGqTahaJ2",
    "likes": 0,
    "retweets": 0
},
{
    "id": 1523387129656537089,
    "user_id": 737927923,
    "created_at": "2022-05-08 19:39:29+00:00",
    "device": "Twitter for iPad",
    "text": "@Spider_Culture Ik many will say Scarlet witch but Tobey being wiser and faster might be Tobey",
    "likes": 0,
    "retweets": 0
},
{
    "id": 1523387126716510209,
    "user_id": 1265392583452262405,
    "created_at": "2022-05-08 19:39:28+00:00",
    "device": "Twitter for iPhone",
    "text": "m.o.m spoilers \n-\n-\n-\ni was freaking out\ud83d\udc80 https://t.co/wJSSdJjT2D",
    "likes": 0,
    "retweets": 0
},
{
    "id": 1523387134266458112,
    "user_id": 1294125531139649536,
    "created_at": "2022-05-08 19:39:30+00:00",
    "device": "Twitter Web App",
    "text": "it's crazy how Fallout just turned into an ultra marketable brand on a similar level to Marvel, to the point that I went from \"oh well maybe the next one will be good\" to actively hoping they never make another Fallout game",
    "likes": 0,
    "retweets": 0
},
{
    "id": 1523387132907163648,
    "user_id": 1508406421272072201,
    "created_at": "2022-05-08 19:39:30+00:00",
    "device": "Twitter for Android",
    "text": "CBM fans wanting to see a Doctor Strange &amp; a Scarlet Witch they're familiar with and a MCU multiverse instead of the 500th Batman. Shocked.. https://t.co/9ZKrKSfrob",
    "likes": 0,
    "retweets": 0
},
{
    "id": 1523387132567764992,
    "user_id": 1258170067147206656,
    "created_at": "2022-05-08 19:39:30+00:00",
    "device": "Twitter for iPhone",
    "text": "Doctor Strange in the Multiverse of Madness - 4/10\n\n# 26 in the MCU\n\nThis was a big disappointment. Movie is weird as fuck. All over the place, doesn\u2019t really explore anything too interesting, leaves a bunch of shit open, no great conclusion of any kind. Dr. Strange a dick again https://t.co/pdxQqcW17o",
    "likes": 0,
    "retweets": 0
},
{
    "id": 1523387132714364931,
    "user_id": 283002083,
    "created_at": "2022-05-08 19:39:30+00:00",
    "device": "Twitter for Android",
    "text": "@MCUPerfectGifs Doctor Strange, multiverse\nSpiderman: No way Home\nShang Chi\nBlack Widow\nEternals",
    "likes": 0,
    "retweets": 0
},
{
    "id": 1523387130583863297,
    "user_id": 54401513,
    "created_at": "2022-05-08 19:39:29+00:00",
    "device": "Twitter for iPhone",
    "text": "@tainkirrahe The magical spin they\u2019ve been trying to put on Spider-Man the last 15 or so years has been weird.",
    "likes": 0,
    "retweets": 0
},
{
    "id": 1523387133079162880,
    "user_id": 1363771518979874817,
    "created_at": "2022-05-08 19:39:30+00:00",
    "device": "Twitter for iPhone",
    "text": "@gjkcentral What flaws??",
    "likes": 0,
    "retweets": 0
},
{
    "id": 1523387137848414209,
    "user_id": 1103706976847101952,
    "created_at": "2022-05-08 19:39:31+00:00",
    "device": "Twitter for iPhone",
    "text": "@QaisNaveed @Mxhsen_ Nah I enjoyed Wanda tbf but this was terrible man",
    "likes": 0,
    "retweets": 0
},
{
    "id": 1523387138238074880,
    "user_id": 299980065,
    "created_at": "2022-05-08 19:39:31+00:00",
    "device": "Twitter for iPhone",
    "text": "@DesmondAndre93 VERY. She was RIGHT THERE.",
    "likes": 0,
    "retweets": 0
},
{
    "id": 1523387135054651393,
    "user_id": 174914283,
    "created_at": "2022-05-08 19:39:30+00:00",
    "device": "Twitter for iPhone",
    "text": "Can I wear this to your wedding? @SDMandalorian85 https://t.co/wyKUfOKB3U",
    "likes": 0,
    "retweets": 0
}]