[{
    "id": 1523386784595406849,
    "user_id": 1218399432259133440,
    "created_at": "2022-05-08 19:38:07+00:00",
    "device": "Twitter for iPhone",
    "text": "The best movie \ud83e\udd29 https://t.co/wJv98zDMdi",
    "likes": 0,
    "retweets": 0
},
{
    "id": 1523386784771497984,
    "user_id": 1003285814544125952,
    "created_at": "2022-05-08 19:38:07+00:00",
    "device": "Twitter for iPhone",
    "text": "Doctor Strange In The Multiverse Of Madness was a super solid movie, the CGI was incredible, all the actors involved did a fantastic job. I\u2019d rate it a  good 7/10 overall #DoctorStrange  #DoctorStrangeInTheMultiverseOfMadness https://t.co/0f31tOEbTY",
    "likes": 0,
    "retweets": 0
},
{
    "id": 1523386786206130179,
    "user_id": 1348769524506644482,
    "created_at": "2022-05-08 19:38:07+00:00",
    "device": "Twitter for iPhone",
    "text": "im crying this is so sweet https://t.co/YweEGgeSFA",
    "likes": 0,
    "retweets": 0
},
{
    "id": 1523386786181165057,
    "user_id": 287933693,
    "created_at": "2022-05-08 19:38:07+00:00",
    "device": "Twitter for Android",
    "text": "@Variety Lol what, does no one remember Indiana Jones?\n\nThis was PG https://t.co/ioQDG15ld5",
    "likes": 0,
    "retweets": 0
},
{
    "id": 1523386782892830720,
    "user_id": 1285370775139123202,
    "created_at": "2022-05-08 19:38:06+00:00",
    "device": "Twitter for iPhone",
    "text": "hmm most excited for bp2 marvels blade agatha echo and f4 https://t.co/ldRwo2JjzK",
    "likes": 0,
    "retweets": 0
},
{
    "id": 1523386782640795648,
    "user_id": 1264516980016656384,
    "created_at": "2022-05-08 19:38:06+00:00",
    "device": "Twitter for Android",
    "text": "@PhxntomNV one of the coolest scenes in the movie imo",
    "likes": 0,
    "retweets": 0
},
{
    "id": 1523386783777533954,
    "user_id": 1407758838271459339,
    "created_at": "2022-05-08 19:38:07+00:00",
    "device": "Twitter for Android",
    "text": "@Vilderavn Cast him as Victor Von Doom you feckless cowards.\n\nPoster by @Bosslogic I believe. https://t.co/KqTeWBKBYp",
    "likes": 0,
    "retweets": 0
},
{
    "id": 1523386790832353280,
    "user_id": 787782163861237760,
    "created_at": "2022-05-08 19:38:08+00:00",
    "device": "Twitter for iPhone",
    "text": "@MCUPerfectGifs 1. Spider-Man \n2. Dr strange \n3. Shang-chi\n4. Eternals \n5. Black widow",
    "likes": 0,
    "retweets": 0
},
{
    "id": 1523386787997003778,
    "user_id": 760340425857179649,
    "created_at": "2022-05-08 19:38:08+00:00",
    "device": "Twitter for iPhone",
    "text": "@willjoy13 @dijonfelida @irrayplaceable @CultureCrave in terms of mcu no film has failed so why even say that",
    "likes": 0,
    "retweets": 0
},
{
    "id": 1523386788252897282,
    "user_id": 1496594821233975303,
    "created_at": "2022-05-08 19:38:08+00:00",
    "device": "Twitter for Android",
    "text": "Wanda could rule the whole multiverse, even Tobey's Spiderman universe https://t.co/JiBGurHfq7",
    "likes": 0,
    "retweets": 0
},
{
    "id": 1523386787577573376,
    "user_id": 1006708186940833792,
    "created_at": "2022-05-08 19:38:07+00:00",
    "device": "Twitter for iPhone",
    "text": "nwh \neternals\nmom\nblack widow \nshang chi https://t.co/OwT9UxHY2T",
    "likes": 0,
    "retweets": 0
},
{
    "id": 1523386789322403840,
    "user_id": 1140158377789575168,
    "created_at": "2022-05-08 19:38:08+00:00",
    "device": "Twitter for Android",
    "text": "@CryptoGnomie @vesnita_bonita @Lessstera Am doing great bro. End of weekend here. Had a blast. Went for a ride with friends. Then Doctor strange happened followed by drinks and now back home.",
    "likes": 0,
    "retweets": 0
},
{
    "id": 1523386790450671616,
    "user_id": 891295802706014209,
    "created_at": "2022-05-08 19:38:08+00:00",
    "device": "Twitter for iPhone",
    "text": "They would all die. https://t.co/TeyImIYzvZ",
    "likes": 0,
    "retweets": 0
},
{
    "id": 1523386791918592000,
    "user_id": 479926821,
    "created_at": "2022-05-08 19:38:09+00:00",
    "device": "Twitter for Android",
    "text": "@orginarymagoo @ithurtstopoop Yeah not great. Ms marvel, black widow and hulk all fun for 5 mins but just mash square for 10 hours regardless of character",
    "likes": 0,
    "retweets": 0
},
{
    "id": 1523386792153657344,
    "user_id": 962321587167952896,
    "created_at": "2022-05-08 19:38:09+00:00",
    "device": "Twitter Web App",
    "text": "The MCU really playing with fire now.\n\nSO LONG we gotta wait now till they continue threads set up for Scorpion and Mordo as main villains \ud83d\ude2d",
    "likes": 0,
    "retweets": 0
},
{
    "id": 1523386793466359808,
    "user_id": 233206618,
    "created_at": "2022-05-08 19:38:09+00:00",
    "device": "Twitter for iPhone",
    "text": "@therealsupes Nah Wanda lost \ud83e\udd37\ud83c\udffe\u200d\u2642\ufe0f",
    "likes": 0,
    "retweets": 0
},
{
    "id": 1523386795614179328,
    "user_id": 1379778042017505280,
    "created_at": "2022-05-08 19:38:09+00:00",
    "device": "Twitter for iPhone",
    "text": "@KBababouie @hpt4tor @MCU_Direct Well I feel he\u2019s crazy and all what we are watching is just he\u2019s illusion.",
    "likes": 0,
    "retweets": 0
},
{
    "id": 1523386802005942272,
    "user_id": 1466922284300611587,
    "created_at": "2022-05-08 19:38:11+00:00",
    "device": "Twitter for iPhone",
    "text": "\u201cBatman wins if he has prep time\u201d https://t.co/vl2rZfBIsW",
    "likes": 0,
    "retweets": 0
},
{
    "id": 1523386800479244289,
    "user_id": 1370579460358078466,
    "created_at": "2022-05-08 19:38:11+00:00",
    "device": "Twitter for iPhone",
    "text": "YOURE EATING CHEF YOURE EATINGGGGGGGG https://t.co/yu1SvqDc4T",
    "likes": 0,
    "retweets": 0
},
{
    "id": 1523386801888526336,
    "user_id": 725757744255516672,
    "created_at": "2022-05-08 19:38:11+00:00",
    "device": "Twitter for iPhone",
    "text": "@smbkshkt04 WHY IS SHE WHITE",
    "likes": 0,
    "retweets": 0
},
{
    "id": 1523386803209732096,
    "user_id": 31028979,
    "created_at": "2022-05-08 19:38:11+00:00",
    "device": "Twitter for iPhone",
    "text": "1) this warmed my lil nerd heart\n2) they\u2019re are so beautiful??? \ud83d\ude0d\ud83d\ude0d\ud83d\ude0d https://t.co/5CiwduJqp0",
    "likes": 0,
    "retweets": 0
},
{
    "id": 1523386807286595584,
    "user_id": 43269348,
    "created_at": "2022-05-08 19:38:12+00:00",
    "device": "Twitter for Android",
    "text": "@cleovision Why did Wanda kill them all?",
    "likes": 0,
    "retweets": 0
},
{
    "id": 1523386809559830528,
    "user_id": 1499159640139091968,
    "created_at": "2022-05-08 19:38:13+00:00",
    "device": "Twitter Web App",
    "text": "Her kids would clear his kids too. https://t.co/if913m0902",
    "likes": 0,
    "retweets": 0
},
{
    "id": 1523386808318324736,
    "user_id": 817185242582843393,
    "created_at": "2022-05-08 19:38:12+00:00",
    "device": "Twitter Web App",
    "text": "1) No Way Home\n2) Multiverse of Madness\n3) Black Widow\n4) Eternals\n5) Shang Chi https://t.co/TXRaCqz026",
    "likes": 0,
    "retweets": 0
},
{
    "id": 1523386810872696833,
    "user_id": 834664219253485568,
    "created_at": "2022-05-08 19:38:13+00:00",
    "device": "Twitter for Android",
    "text": "Looking forward to this episode! @PCLeftovers are a must listen for Marvel fans. \n#DoctorStrange #ScarletWitch #MultiverseOfMadness https://t.co/4fRkeykVLO",
    "likes": 0,
    "retweets": 0
},
{
    "id": 1523386809363091458,
    "user_id": 23318227,
    "created_at": "2022-05-08 19:38:13+00:00",
    "device": "Twitter Web App",
    "text": "@nickmarino Is this Heroes Reborn because Wanda comes out of that with quite the look as well",
    "likes": 0,
    "retweets": 0
},
{
    "id": 1523386815192788993,
    "user_id": 1452321780450971657,
    "created_at": "2022-05-08 19:38:14+00:00",
    "device": "Twitter for Android",
    "text": "@TheCriticalDri2 He posted this the length of the movie ago...  He might be dead \ud83d\ude14",
    "likes": 0,
    "retweets": 0
},
{
    "id": 1523386814513311744,
    "user_id": 1162009790,
    "created_at": "2022-05-08 19:38:14+00:00",
    "device": "Twitter for iPhone",
    "text": "@scarlettashley1 Is it not kid friendly? My almost 8 year old has seen a lot of PG 13, but not any of these. She\u2019s seen all Marvels\u2014except Moon Knight. Some creatures would have been too scary for her.",
    "likes": 0,
    "retweets": 0
},
{
    "id": 1523386814706466816,
    "user_id": 3109689695,
    "created_at": "2022-05-08 19:38:14+00:00",
    "device": "Twitter for Android",
    "text": "#DoctorStrange #MultiverseOfMadness not because shes black but the illuminate captain marvel is much better than brie larson version. Shes more confident more intimidating and just seemed like CAPTAIN MARVEL. Brie screams her MsMarvel days of messiness. A fix is needed!",
    "likes": 0,
    "retweets": 0
},
{
    "id": 1523386815377379328,
    "user_id": 395317606,
    "created_at": "2022-05-08 19:38:14+00:00",
    "device": "Twitter for iPhone",
    "text": "@MCU_Direct This my first time seeing a hooded suit jacket.",
    "likes": 0,
    "retweets": 0
},
{
    "id": 1523386815595835397,
    "user_id": 1250185816741216257,
    "created_at": "2022-05-08 19:38:14+00:00",
    "device": "Twitter for Android",
    "text": "@NylaRoseBeast Omg I gotta see it again!",
    "likes": 0,
    "retweets": 0
},
{
    "id": 1523386813385437184,
    "user_id": 1479463555074244612,
    "created_at": "2022-05-08 19:38:14+00:00",
    "device": "Twitter Web App",
    "text": "@Moth_Culture The smooth marble brains are out tweeting random shit again",
    "likes": 0,
    "retweets": 0
},
{
    "id": 1523386815151063041,
    "user_id": 1495053662636457992,
    "created_at": "2022-05-08 19:38:14+00:00",
    "device": "Twitter for iPhone",
    "text": "@nuzzlescharlie wait do you have disney+",
    "likes": 0,
    "retweets": 0
},
{
    "id": 1523386814043607040,
    "user_id": 1479984425937031172,
    "created_at": "2022-05-08 19:38:14+00:00",
    "device": "Twitter for iPhone",
    "text": "The first one was. https://t.co/P3M92N2nDa",
    "likes": 0,
    "retweets": 0
},
{
    "id": 1523386819983065089,
    "user_id": 259417698,
    "created_at": "2022-05-08 19:38:15+00:00",
    "device": "Twitter for iPhone",
    "text": "NWH\nShang Chi\nMoM\nBlack Widow\nEternals https://t.co/1BvtE6GO5t",
    "likes": 0,
    "retweets": 0
},
{
    "id": 1523386818976120832,
    "user_id": 975814405,
    "created_at": "2022-05-08 19:38:15+00:00",
    "device": "IFTTT",
    "text": "Aramis Knight of the Upcoming Ms. Marvel Makes his MCU Debut! https://t.co/oefYUski4s #Movie #Trailer #MovieClip #Video #MovieTrailer #ComingSoon #Marvel",
    "likes": 0,
    "retweets": 0
},
{
    "id": 1523386818854481920,
    "user_id": 1509707626397016067,
    "created_at": "2022-05-08 19:38:15+00:00",
    "device": "Twitter for Android",
    "text": "Multiverse of madness for me https://t.co/6FXWXzodBv",
    "likes": 0,
    "retweets": 0
},
{
    "id": 1523386819278032897,
    "user_id": 275433948,
    "created_at": "2022-05-08 19:38:15+00:00",
    "device": "Twitter for Android",
    "text": "Brain cells not found https://t.co/VBZjJSwnjN",
    "likes": 0,
    "retweets": 0
},
{
    "id": 1523386817953042432,
    "user_id": 1154931050,
    "created_at": "2022-05-08 19:38:15+00:00",
    "device": "Twitter for iPhone",
    "text": "1. No Way Home (8/10)\n2. Shang Chi (7/10)\n3. Eternals (6/10)\n4. Black Widow (6/10)\n\nHaven\u2019t seen multiverse yet, but probably will this week at some point. I expect it to rank in the bottom 3 somewhere. https://t.co/eyn1GDc1zJ",
    "likes": 0,
    "retweets": 0
},
{
    "id": 1523386824236089344,
    "user_id": 800484206094651393,
    "created_at": "2022-05-08 19:38:16+00:00",
    "device": "Twitter for iPhone",
    "text": "1-Mom\n2-Eternals\n3-NWH\n4-Shang Chi\n100-Black Widow\ud83d\ude42\ud83d\udc4e\ud83c\udffb https://t.co/JldwwFazO1",
    "likes": 0,
    "retweets": 0
},
{
    "id": 1523386821631041536,
    "user_id": 1307109425853935623,
    "created_at": "2022-05-08 19:38:16+00:00",
    "device": "Twitter Web App",
    "text": "Doctor Strange in the Multiverse of Madness 1 sentence review:\n\nBeautiful",
    "likes": 0,
    "retweets": 0
},
{
    "id": 1523386822281289734,
    "user_id": 1252848082217140225,
    "created_at": "2022-05-08 19:38:16+00:00",
    "device": "Twitter for iPhone",
    "text": "captain marvel ain\u2019t putting up much \ud83d\ude2d how much can some energy blast really do against a women who bends reality when shes depressed and can  destroys infinity stones at will https://t.co/NnFlIU8VMA",
    "likes": 0,
    "retweets": 0
},
{
    "id": 1523386828774002689,
    "user_id": 1469684632081907713,
    "created_at": "2022-05-08 19:38:17+00:00",
    "device": "Twitter for Android",
    "text": "Literalmente existe Moon knight https://t.co/FgMS0yVF8x",
    "likes": 0,
    "retweets": 0
},
{
    "id": 1523386826450481153,
    "user_id": 17971339,
    "created_at": "2022-05-08 19:38:17+00:00",
    "device": "Twitter for iPhone",
    "text": "Shang-Chi\nNo Way Home\nMultiverse of Madness\nBlack Widow\n.\n.\n.\n.\n.\n.\nThe Other One https://t.co/eZTwHSs5s3",
    "likes": 0,
    "retweets": 0
},
{
    "id": 1523386824407674880,
    "user_id": 1390170705220755460,
    "created_at": "2022-05-08 19:38:16+00:00",
    "device": "Twitter Web App",
    "text": "If you enjoy females in cosplay and DC and marvel characters check out FB cosplay girlz https://t.co/uyQuIo3HmB",
    "likes": 1,
    "retweets": 0
},
{
    "id": 1523386827926769665,
    "user_id": 1224093401316044802,
    "created_at": "2022-05-08 19:38:17+00:00",
    "device": "Twitter for Android",
    "text": "@CultureCrave as it should https://t.co/fxuUr9otkd",
    "likes": 0,
    "retweets": 0
},
{
    "id": 1523386831689043968,
    "user_id": 225926026,
    "created_at": "2022-05-08 19:38:18+00:00",
    "device": "Twitter for Android",
    "text": "@drsoap8 these are the worst of the worst https://t.co/gJXQ45XnV7",
    "likes": 0,
    "retweets": 0
},
{
    "id": 1523386830464368641,
    "user_id": 451707362,
    "created_at": "2022-05-08 19:38:18+00:00",
    "device": "Twitter for iPhone",
    "text": "@jasluvslizzie It\u2019s sweet, and cute, and INCREDIBLY cringey.  Like real kids.",
    "likes": 0,
    "retweets": 0
},
{
    "id": 1523386834906062849,
    "user_id": 2687449696,
    "created_at": "2022-05-08 19:38:19+00:00",
    "device": "Twitter for iPhone",
    "text": "@Sujodamystique Na your opinion sha",
    "likes": 0,
    "retweets": 0
},
{
    "id": 1523386834704736257,
    "user_id": 1329904283869966336,
    "created_at": "2022-05-08 19:38:19+00:00",
    "device": "Twitter Web App",
    "text": "THOR the love of the God of Thunder, please give @Votesaxon07's latest video on the latest Marvel Legends line a look.\n#ThorLoveAndThunder \nTHUNDEROUS applause!! THOR LOVE AND THUNDER Marvel legends Figure Review... https://t.co/kshDVTH2Tr via @YouTube",
    "likes": 0,
    "retweets": 0
},
{
    "id": 1523386833937215488,
    "user_id": 1408429948423925761,
    "created_at": "2022-05-08 19:38:19+00:00",
    "device": "Twitter for iPhone",
    "text": "this is like me saying h could easily beat an mma fighter like ? https://t.co/TSh47kf8yK",
    "likes": 0,
    "retweets": 0
},
{
    "id": 1523386835082223616,
    "user_id": 183460996,
    "created_at": "2022-05-08 19:38:19+00:00",
    "device": "Twitter for iPad",
    "text": "@adambvary It\u2019s the Pretty Woman reference for me \ud83d\ude02\ud83d\ude02\ud83d\ude02\ud83d\ude02 https://t.co/HZzuoy6qss",
    "likes": 0,
    "retweets": 0
},
{
    "id": 1523386836533407745,
    "user_id": 1235364680698380295,
    "created_at": "2022-05-08 19:38:19+00:00",
    "device": "Twitter for iPhone",
    "text": "1. No Way Home\n2. Shang-Chi\n3. Dr Strange 2\n4. Black Widow \n5. Eternals https://t.co/zlTQCWOC6M",
    "likes": 0,
    "retweets": 0
},
{
    "id": 1523386833375469568,
    "user_id": 39414513,
    "created_at": "2022-05-08 19:38:18+00:00",
    "device": "Twitter for Android",
    "text": "@SKMorefield 1. Iron Man\n2. Captain America\n3. Thor\n4. The Hulk\n5. Black Widow \n\n#MCU #marvel #disney",
    "likes": 0,
    "retweets": 0
},
{
    "id": 1523386836927668224,
    "user_id": 712314960366276608,
    "created_at": "2022-05-08 19:38:19+00:00",
    "device": "Twitter for Android",
    "text": "@DarkDefective Seeing this pic reminded me that spiderman and rhodey are the only ones alive LMAO",
    "likes": 0,
    "retweets": 0
},
{
    "id": 1523386834616987648,
    "user_id": 21039204,
    "created_at": "2022-05-08 19:38:19+00:00",
    "device": "Twitter for Android",
    "text": "@Stuntman_MIK3 She's incredible. Elizabeth band Oscar Isaac gave incredible back to back performances.",
    "likes": 0,
    "retweets": 0
},
{
    "id": 1523386837766656000,
    "user_id": 915694135453143040,
    "created_at": "2022-05-08 19:38:19+00:00",
    "device": "Twitter for iPhone",
    "text": "NWH\nShang Chi\nMoM\nBlack Widow\nEternals https://t.co/usLw02qKMk",
    "likes": 0,
    "retweets": 0
},
{
    "id": 1523386838320226304,
    "user_id": 345788476,
    "created_at": "2022-05-08 19:38:20+00:00",
    "device": "Twitter for Android",
    "text": "#MultiverseOfMadness really showed how important WandaVision &amp; Loki are\ud83d\ude29\ud83d\udd25\ud83d\udd25\ud83d\udd25",
    "likes": 0,
    "retweets": 0
},
{
    "id": 1523386838513164289,
    "user_id": 497339487,
    "created_at": "2022-05-08 19:38:20+00:00",
    "device": "Tumblr",
    "text": "\ud83d\udcf7 akenomax: WANDA MAXIMOFF, THE SCARLET WITCH, in DOCTOR STRANGE IN THE MULTIVERSE OF MADNESS (2022)\u201cyou break the rules and become a hero. i do it, and i become the enemy\u2026 that doesn\u2019t seem fair.\u201d https://t.co/pVuCQayMFH",
    "likes": 0,
    "retweets": 0
},
{
    "id": 1523386839968608256,
    "user_id": 1340224400872882176,
    "created_at": "2022-05-08 19:38:20+00:00",
    "device": "WordPress.com",
    "text": "\u2018Doctor Strange 2\u2019: Elizabeth Olsen talks about Wanda\u2019s role in the\u00a0villain https://t.co/rDOBGvBZDJ",
    "likes": 0,
    "retweets": 0
},
{
    "id": 1523386837586235393,
    "user_id": 1093081540895084544,
    "created_at": "2022-05-08 19:38:19+00:00",
    "device": "Twitter for iPhone",
    "text": "@ErhaborEsosa No! Cos fox is an asshole, if Disney didn\u2019t venture into the mcu they\u2019ll have done wanda the same way. I mean look at how atrocious they\u2019ve portrayed Ororo",
    "likes": 0,
    "retweets": 0
},
{
    "id": 1523386838676692992,
    "user_id": 2397485712,
    "created_at": "2022-05-08 19:38:20+00:00",
    "device": "Twitter for Android",
    "text": "@MCUPerfectGifs Shang-Chi\nMultiverse of Madness\nEternals (sorry i love this movie)\nNo Way Home\nBlack Widow (not a fan)",
    "likes": 0,
    "retweets": 0
},
{
    "id": 1523386841960882178,
    "user_id": 2777083032,
    "created_at": "2022-05-08 19:38:20+00:00",
    "device": "Twitter for Android",
    "text": "@SHANEO203 @craig_rangoon I think if you're looking for people who are interested in mature media, you should probably not be looking at MCU fans.",
    "likes": 0,
    "retweets": 0
},
{
    "id": 1523386843353391105,
    "user_id": 1496123928476983296,
    "created_at": "2022-05-08 19:38:21+00:00",
    "device": "Twitter for iPhone",
    "text": "annoyed at doctor strange reviews, for once they did something different and now marvel is gonna pull back on allowing more original direction",
    "likes": 0,
    "retweets": 0
},
{
    "id": 1523386841960882176,
    "user_id": 701638065958346752,
    "created_at": "2022-05-08 19:38:20+00:00",
    "device": "Twitter for iPhone",
    "text": "11. Doctor Strange in the Multiverse of Madness\n\n06/05 https://t.co/wVWiWR4Lyk",
    "likes": 0,
    "retweets": 0
},
{
    "id": 1523386842527109120,
    "user_id": 1365488778689863684,
    "created_at": "2022-05-08 19:38:21+00:00",
    "device": "Twitter for iPhone",
    "text": "@DarkDefective Umm isn\u2019t he like the first main guy to reveal his identity in the comics?? lol",
    "likes": 0,
    "retweets": 0
},
{
    "id": 1523386843403743232,
    "user_id": 1303241627515916290,
    "created_at": "2022-05-08 19:38:21+00:00",
    "device": "Twitter for Android",
    "text": "@twistedkaruma Why r u like this",
    "likes": 0,
    "retweets": 0
},
{
    "id": 1523386841134731276,
    "user_id": 2963885034,
    "created_at": "2022-05-08 19:38:20+00:00",
    "device": "Twitter for iPhone",
    "text": "@LamiLegend The movie was great don\u2019t do it like that lmao",
    "likes": 0,
    "retweets": 0
},
{
    "id": 1523386844771078144,
    "user_id": 466864852,
    "created_at": "2022-05-08 19:38:21+00:00",
    "device": "Twitter Web App",
    "text": "George P\u00e9rez, the acclaimed comic book artist known for his work on \u201cThe New Teen Titans,\u201d \u201cWonder Woman,\u201d and \u201cThe Avengers,\u201d died on Friday. He was 67 years old https://t.co/1D8TouYSYv via @WSJ",
    "likes": 0,
    "retweets": 0
},
{
    "id": 1523386842837516288,
    "user_id": 1303723782528434177,
    "created_at": "2022-05-08 19:38:21+00:00",
    "device": "Twitter for iPhone",
    "text": "@thaKalEl1 @MCUPerfectGifs Yea that\u2019s where I\u2019m at",
    "likes": 0,
    "retweets": 0
},
{
    "id": 1523386848613380096,
    "user_id": 65372223,
    "created_at": "2022-05-08 19:38:22+00:00",
    "device": "Twitter for Android",
    "text": "@kevisucks Honestly solid stand alone film!!!",
    "likes": 0,
    "retweets": 0
},
{
    "id": 1523386848332050434,
    "user_id": 1893719730,
    "created_at": "2022-05-08 19:38:22+00:00",
    "device": "WordPress.com",
    "text": "Box Office: \u2018Doctor Strange 2\u2019 Debuts to Heroic $185 Million \u2013\u00a0Variety https://t.co/eglfes34rV",
    "likes": 0,
    "retweets": 0
},
{
    "id": 1523386849259290624,
    "user_id": 1488445919242637312,
    "created_at": "2022-05-08 19:38:22+00:00",
    "device": "Twitter for iPhone",
    "text": "NGL I haven\u2019t seen half of these \ud83d\ude02 and I\u2019m a marvel fan https://t.co/L1ykUmXXkp",
    "likes": 0,
    "retweets": 0
},
{
    "id": 1523386837733048320,
    "user_id": 53631507,
    "created_at": "2022-05-08 19:38:19+00:00",
    "device": "Twitter Web App",
    "text": "Doctor Strange 2 LITERALLY said \"America is a queer woman of color who can only thrive if there is a patriarchal ruling class to protect her from girlboss tradwives.\"",
    "likes": 0,
    "retweets": 0
},
{
    "id": 1523386848533356544,
    "user_id": 2902307352,
    "created_at": "2022-05-08 19:38:22+00:00",
    "device": "Twitter for iPhone",
    "text": "No way folks saying this looks ass\u2026. https://t.co/ohFAtMTI56",
    "likes": 0,
    "retweets": 0
},
{
    "id": 1523386847736475649,
    "user_id": 846519410303127552,
    "created_at": "2022-05-08 19:38:22+00:00",
    "device": "Twitter for iPhone",
    "text": "idk if low standard nak lang but i really think #MultiverseOfMadness is a 9.",
    "likes": 0,
    "retweets": 0
},
{
    "id": 1523386850425159680,
    "user_id": 29135949,
    "created_at": "2022-05-08 19:38:22+00:00",
    "device": "Twitter for Android",
    "text": "Bestie hit twt omggg Ben's power https://t.co/r83BPbQDDn",
    "likes": 0,
    "retweets": 0
},
{
    "id": 1523386853180665856,
    "user_id": 388643610,
    "created_at": "2022-05-08 19:38:23+00:00",
    "device": "Twitter for Android",
    "text": "@NoWayHome007 @MCUPerfectGifs Yess my same rating too!",
    "likes": 0,
    "retweets": 0
},
{
    "id": 1523386850999562241,
    "user_id": 780937769573023746,
    "created_at": "2022-05-08 19:38:23+00:00",
    "device": "Twitter for Android",
    "text": "Multiverse of Madness was actually amazing. Easily the darkest MCU film I've seen and it broke the typical MCU formula in every way and felt like Raimi's true vision. The film was definitely more of a Wanda than a Strange film but Elizabeth Olsen stole the show and~",
    "likes": 0,
    "retweets": 0
},
{
    "id": 1523386853914603520,
    "user_id": 1402154640301568000,
    "created_at": "2022-05-08 19:38:23+00:00",
    "device": "Twitter for Android",
    "text": "@MCUPerfectGifs 1. NWH\n\n2. Dr Strange \n\n3. Everything else",
    "likes": 0,
    "retweets": 0
},
{
    "id": 1523386852073684992,
    "user_id": 1187535404842541058,
    "created_at": "2022-05-08 19:38:23+00:00",
    "device": "Twitter for iPhone",
    "text": "movie was \u201cshit\u201d tho https://t.co/8hvW1Myx2l",
    "likes": 0,
    "retweets": 0
},
{
    "id": 1523386854103392257,
    "user_id": 1352663757894332416,
    "created_at": "2022-05-08 19:38:23+00:00",
    "device": "Twitter for Android",
    "text": "\ud83e\udd18 ROCK \ud83e\udd18 https://t.co/dXyyap3gzI https://t.co/wg2jclvswA",
    "likes": 0,
    "retweets": 0
},
{
    "id": 1523386855357517827,
    "user_id": 226222916,
    "created_at": "2022-05-08 19:38:24+00:00",
    "device": "Twitter for Android",
    "text": "@Marvel has just killed my favourite character EVER???!!! \ud83e\udd21\ud83e\udd21\ud83e\udd21",
    "likes": 0,
    "retweets": 0
},
{
    "id": 1523386854522957829,
    "user_id": 1171722816800088064,
    "created_at": "2022-05-08 19:38:23+00:00",
    "device": "Twitter for iPhone",
    "text": "1- Spider Man\n2- Doctor Strange \n3- Black Widow \n4- Shang-Chi\n5- Eternals https://t.co/G8ypxyQg1a",
    "likes": 0,
    "retweets": 0
},
{
    "id": 1523386856905224193,
    "user_id": 1390589424556285954,
    "created_at": "2022-05-08 19:38:24+00:00",
    "device": "Twitter for iPhone",
    "text": "Mcu bring doctor doom challenge",
    "likes": 0,
    "retweets": 0
},
{
    "id": 1523386848214626304,
    "user_id": 4635741508,
    "created_at": "2022-05-08 19:38:22+00:00",
    "device": "Twitter for Android",
    "text": "@kkmbrly7 heyy",
    "likes": 0,
    "retweets": 0
},
{
    "id": 1523386860617170944,
    "user_id": 811969873433808898,
    "created_at": "2022-05-08 19:38:25+00:00",
    "device": "Twitter for Android",
    "text": "1) Spider-Man No Way Home\n2) Doctor Strange in the Multiverse of Madness\n3) Shang-Chi and the Legend of the Ten Rings\n4) Eternals\n5) Black Widow https://t.co/grlVTGTmqx",
    "likes": 0,
    "retweets": 0
},
{
    "id": 1523386861464342528,
    "user_id": 744089526,
    "created_at": "2022-05-08 19:38:25+00:00",
    "device": "Twitter for Android",
    "text": "@aaalquimiaaa first impression: amo su nombre y amo q ama a marvel\nyour nickname in my head: alqui d mi vida\ndo i like you: t amo cn mi alma\nyou're my: mi nena hermosa y mas chiquita\nwould i kiss/slap/hug you: kiss hug todo en uno\ndate or pass: date forever",
    "likes": 0,
    "retweets": 0
},
{
    "id": 1523386862336831489,
    "user_id": 3594910996,
    "created_at": "2022-05-08 19:38:25+00:00",
    "device": "Twitter for Android",
    "text": "@Cinemaniac94 You paid money to watch shit multiple times? This is why these trash movies will never die lol",
    "likes": 0,
    "retweets": 0
},
{
    "id": 1523386865688006656,
    "user_id": 1509392417073602564,
    "created_at": "2022-05-08 19:38:26+00:00",
    "device": "WordPress.com",
    "text": "How Doctor Strange 2 Made the Stephen-Christine Dynamic Finally\u00a0Work https://t.co/UVTkYSLNsi",
    "likes": 0,
    "retweets": 0
},
{
    "id": 1523386863301455872,
    "user_id": 1096853088529457154,
    "created_at": "2022-05-08 19:38:26+00:00",
    "device": "Twitter for Android",
    "text": "@SortOfFierce Exactly! You get me!",
    "likes": 0,
    "retweets": 0
},
{
    "id": 1523386862777237505,
    "user_id": 2880037476,
    "created_at": "2022-05-08 19:38:25+00:00",
    "device": "Twitter for iPhone",
    "text": "Spider Man No Way Home\nEternals \nShang Chi \nDr Strange 2 \nBlack Widow https://t.co/UmOw4QJbvD",
    "likes": 0,
    "retweets": 0
},
{
    "id": 1523386865751011328,
    "user_id": 1400334649231085574,
    "created_at": "2022-05-08 19:38:26+00:00",
    "device": "Twitter for Android",
    "text": "@BlinkVotingCrew @BLACKPINK Thor: Ragnarok\n\nI vote #Blackpink for #GrupoMusical + #Snowdrop for #S\u00e9rieAsi\u00e1tica + #BLACKPINKOFilme for #MelhorDoc + #Jisoo for #DestaqueS\u00e9rieAsi\u00e1tica + #Money for #M\u00fasicaInternacional\non #SECAwards (@BLACKPINK)",
    "likes": 0,
    "retweets": 0
},
{
    "id": 1523386866942488576,
    "user_id": 820566902,
    "created_at": "2022-05-08 19:38:26+00:00",
    "device": "Twitter for iPhone",
    "text": "@_dddearion_ @PatrickAzaya Dr. Strange kinda invited more comic characters we thought we\u2019d never see in the MCU. No way home was lit still",
    "likes": 0,
    "retweets": 0
},
{
    "id": 1523386867885871105,
    "user_id": 1162741733328850945,
    "created_at": "2022-05-08 19:38:27+00:00",
    "device": "Twitter for Android",
    "text": "@monseokmin i know!! it's just that i've seen a lot of mixed opinions, mainly from marvel stans :')\nSOOO pls let me know what u thought of it when you're back from watching the movie!!",
    "likes": 0,
    "retweets": 0
},
{
    "id": 1523386873372053507,
    "user_id": 924247457214722049,
    "created_at": "2022-05-08 19:38:28+00:00",
    "device": "Twitter for Android",
    "text": "@FLASKKY_WS Some people really disappointed the DOCTOR STRANGE MOVIE focused mostly on strange and other magic users",
    "likes": 0,
    "retweets": 0
},
{
    "id": 1523386872239591424,
    "user_id": 19365181,
    "created_at": "2022-05-08 19:38:28+00:00",
    "device": "Twitter for Android",
    "text": "When I thought I couldn't love the Mr. Knight design more https://t.co/VH32DfiI1Z",
    "likes": 0,
    "retweets": 0
},
{
    "id": 1523386871136456705,
    "user_id": 26062679,
    "created_at": "2022-05-08 19:38:27+00:00",
    "device": "Twitter for iPhone",
    "text": "Happy #MothersDay2022 to all the mom\u2019s out there in the multiverse!\ud83d\udc90 Thanks for always holding it down  and keeping it together!\u2764\ufe0f #ScarletWitch #Wanda #WandaMaximoff #DoctorStrange @OriginalFunko @MarvelStudios #MothersDay https://t.co/GNPWMCXpWj",
    "likes": 0,
    "retweets": 0
},
{
    "id": 1523386871338123265,
    "user_id": 166330193,
    "created_at": "2022-05-08 19:38:27+00:00",
    "device": "Twitter for iPhone",
    "text": "@Cinemaniac94 it\u2019ll all make sense but it\u2019s definitely leading up to Kang and a multiverses war",
    "likes": 0,
    "retweets": 0
},
{
    "id": 1523386877981577216,
    "user_id": 1495728815913508870,
    "created_at": "2022-05-08 19:38:29+00:00",
    "device": "Twitter for Android",
    "text": "shang chi\neternals\nno way home\ndoc strange2\nbw https://t.co/caBxbxHuFZ",
    "likes": 0,
    "retweets": 0
}]