[{
    "id": 1523386962039623681,
    "user_id": 1356734510033952772,
    "created_at": "2022-05-08 19:38:49+00:00",
    "device": "Twitter for Android",
    "text": "this was my multiverse of madness #MultiverseOfMadness https://t.co/1PdZVfPJU6",
    "likes": 0,
    "retweets": 0
},
{
    "id": 1523386960848457729,
    "user_id": 1077249660,
    "created_at": "2022-05-08 19:38:49+00:00",
    "device": "Twitter Web App",
    "text": "@fivepoisonskid @TheRealIkerman IF THE MOVIE WAS LIKE THIS OTHER SUPERHERO MOVIE, IT WOULD HAVE BEEN A BIT JUSTIFIABLE.\nP.D: ACTUALLY, THERE ARE TOO MANY THINGS IN COMMON BETWEEN DOCTOR STRANGE 2 AND THE TOXIC AVENGER IV. https://t.co/3YRPdOXocC",
    "likes": 0,
    "retweets": 0
},
{
    "id": 1523386962479964162,
    "user_id": 301602846,
    "created_at": "2022-05-08 19:38:49+00:00",
    "device": "Twitter for Android",
    "text": "Wanda is never getting back on the lunchbox I fear \ud83d\udc80 #MultiverseOfMadness",
    "likes": 0,
    "retweets": 0
},
{
    "id": 1523386962769371137,
    "user_id": 2969326032,
    "created_at": "2022-05-08 19:38:49+00:00",
    "device": "Twitter for iPhone",
    "text": "I just started moon knight, lets see how this one will go \ud83d\udc4d\ud83c\udffc as an arab I have low expectations tbh never seen a good enough representation in shows but I\u2019d like to trust marvel on this one",
    "likes": 0,
    "retweets": 0
},
{
    "id": 1523386966024220672,
    "user_id": 1329890441584644098,
    "created_at": "2022-05-08 19:38:50+00:00",
    "device": "Twitter for iPhone",
    "text": "@Sleazyabel @maybeitssomari @barbstique and comparing marvel who made their franchise since 2007 and comparing it to DC who just started",
    "likes": 0,
    "retweets": 0
},
{
    "id": 1523386965323771905,
    "user_id": 1421323624661803009,
    "created_at": "2022-05-08 19:38:50+00:00",
    "device": "Twitter for iPhone",
    "text": "@IGN Mid movie",
    "likes": 0,
    "retweets": 0
},
{
    "id": 1523386966229745665,
    "user_id": 1521593650081374208,
    "created_at": "2022-05-08 19:38:50+00:00",
    "device": "Twitter for Android",
    "text": "@thataintit_0 @MCU_Direct U won \ud83c\udfc6",
    "likes": 0,
    "retweets": 0
},
{
    "id": 1523386969799024640,
    "user_id": 1437545764046188544,
    "created_at": "2022-05-08 19:38:51+00:00",
    "device": "Twitter Web App",
    "text": "@Metalguy36 I'm saying that people like you think less people getting to play is fine as long as it's on playstation. I also love that you guys honestly believe marvel wanted to limit Spiderman potential customers\n\nI'm saying exclusives sucks. But as least Xbox doesnt lock games in one place",
    "likes": 0,
    "retweets": 0
},
{
    "id": 1523386970533076993,
    "user_id": 1487995235816947718,
    "created_at": "2022-05-08 19:38:51+00:00",
    "device": "Twitter for iPhone",
    "text": "@BrosephMan06 @henry_investorr @ArgonMasters @TaraMaster5 Have you ever read anything related to Superman?the moment you mfs can\u2019t tell me where it\u2019s stated that Superman weakness is magic Ik the answer",
    "likes": 0,
    "retweets": 0
},
{
    "id": 1523386969023082496,
    "user_id": 1509562843502415880,
    "created_at": "2022-05-08 19:38:51+00:00",
    "device": "Twitter for iPhone",
    "text": "@Sleazyabel @barbstique The Batman (2 heroes)\n\nDoctor Strange 2 (10 heroes and plot holes)",
    "likes": 0,
    "retweets": 0
},
{
    "id": 1523386973096132609,
    "user_id": 1375378901996875777,
    "created_at": "2022-05-08 19:38:52+00:00",
    "device": "Twitter for iPhone",
    "text": "Nwh &gt; bw &gt; shangchi &gt; * haven\u2019t watch mom but i\u2019m sure that it\u2019s better than eternals \ud83d\udc80 https://t.co/t4d8gi0TOZ",
    "likes": 0,
    "retweets": 0
},
{
    "id": 1523386975080030213,
    "user_id": 994799666087809024,
    "created_at": "2022-05-08 19:38:52+00:00",
    "device": "Twitter for Android",
    "text": "@loudmouthjulia Never let your anticipation become your expectation fans expect every marvel movie to be a Avengers movie",
    "likes": 0,
    "retweets": 0
},
{
    "id": 1523386971967705088,
    "user_id": 1471832848218923009,
    "created_at": "2022-05-08 19:38:51+00:00",
    "device": "Twitter for iPhone",
    "text": "Good https://t.co/BaOvkPE3dq",
    "likes": 0,
    "retweets": 0
},
{
    "id": 1523386971393036293,
    "user_id": 1423761313176686602,
    "created_at": "2022-05-08 19:38:51+00:00",
    "device": "Twitter Web App",
    "text": "@Moth_Culture I just... he was being beaten by Sandman and Venom until Goblin showed up what was he even going to do otherwise",
    "likes": 0,
    "retweets": 0
},
{
    "id": 1523386972366069760,
    "user_id": 1392804511,
    "created_at": "2022-05-08 19:38:52+00:00",
    "device": "Twitter Web App",
    "text": "@azorohio just tweeted smtg similar! i think that's the purpose of the show considering how much Agatha has lived. in the comics Agatha teaches a LOT to Wanda about witchcraft and they're pretty much bffs so i do think the show will also set that up!",
    "likes": 0,
    "retweets": 0
},
{
    "id": 1523386972093370369,
    "user_id": 497267654,
    "created_at": "2022-05-08 19:38:51+00:00",
    "device": "Twitter for iPhone",
    "text": "I love how #MultiverseOfMadness is all about Wanda trying to bathe in The Mother Lake",
    "likes": 0,
    "retweets": 0
},
{
    "id": 1523386970654732289,
    "user_id": 1288736801092493312,
    "created_at": "2022-05-08 19:38:51+00:00",
    "device": "Twitter for iPhone",
    "text": "@MCUPerfectGifs eternals\nblack widow\nshang-chi\nno way home\nmultiverse of madness",
    "likes": 0,
    "retweets": 0
},
{
    "id": 1523386976912637952,
    "user_id": 3296091312,
    "created_at": "2022-05-08 19:38:53+00:00",
    "device": "Twitter for iPhone",
    "text": "shang chi\nmultiverse of madness\neternals\nno way home\nblack widow\n\nessa fase da marvel ta tao decadente jesus https://t.co/aL33TrAmlu",
    "likes": 0,
    "retweets": 0
},
{
    "id": 1523386977227210752,
    "user_id": 1162453608,
    "created_at": "2022-05-08 19:38:53+00:00",
    "device": "Twitter for iPhone",
    "text": "DOCTOR STRANGE SPOILERS\n\u2022\n\u2022\n\u2022\n\u2022\n\u2022\nThis really happened https://t.co/ILOEYmqJu6",
    "likes": 0,
    "retweets": 0
},
{
    "id": 1523386976791150592,
    "user_id": 906052784012787712,
    "created_at": "2022-05-08 19:38:53+00:00",
    "device": "Twitter for iPhone",
    "text": "sometimes movies can just be movies \ud83d\ude2d https://t.co/WFkaTPY5fs",
    "likes": 0,
    "retweets": 0
},
{
    "id": 1523386976375824385,
    "user_id": 1315056232747671552,
    "created_at": "2022-05-08 19:38:52+00:00",
    "device": "Twitter for Android",
    "text": "@_Norellas_ I will just mute all mcu wanda stans at this \ud83d\udc49",
    "likes": 0,
    "retweets": 0
},
{
    "id": 1523386979836207104,
    "user_id": 1450675610997694467,
    "created_at": "2022-05-08 19:38:53+00:00",
    "device": "Twitter for iPhone",
    "text": "i think phase 4 of the mcu is the \"introduce a bunch of new characters we just got the rights too\" phase . phase 5 is when they'll actually start building up to the new storyline",
    "likes": 0,
    "retweets": 0
},
{
    "id": 1523386981606215680,
    "user_id": 1434675326840414211,
    "created_at": "2022-05-08 19:38:54+00:00",
    "device": "Twitter Web App",
    "text": "if shang chi and NWH arent your top 2 stop giving opinions on the internet https://t.co/s2BUhGcIjN",
    "likes": 0,
    "retweets": 0
},
{
    "id": 1523386980981039104,
    "user_id": 1382450885448642562,
    "created_at": "2022-05-08 19:38:54+00:00",
    "device": "Twitter for iPhone",
    "text": "NWH\nMOM\nShang Chi \nEternals\nBW https://t.co/KCMxoCEGIc",
    "likes": 0,
    "retweets": 0
},
{
    "id": 1523386979957997569,
    "user_id": 210176836,
    "created_at": "2022-05-08 19:38:53+00:00",
    "device": "Twitter for iPhone",
    "text": "Mom &gt; eternals &gt; shang chi &gt; spider man &gt; blank space &gt; black widow https://t.co/PPCpNyhsGq",
    "likes": 0,
    "retweets": 0
},
{
    "id": 1523386983175061504,
    "user_id": 886867260442279936,
    "created_at": "2022-05-08 19:38:54+00:00",
    "device": "Twitter for Android",
    "text": "\ud83d\ude02 \ud83d\ude02 \ud83d\ude02 Next joke pls https://t.co/MgaBJlIluh",
    "likes": 0,
    "retweets": 0
},
{
    "id": 1523386985468989440,
    "user_id": 1487173247179399168,
    "created_at": "2022-05-08 19:38:55+00:00",
    "device": "Twitter for iPhone",
    "text": "That marvel intro never gets old",
    "likes": 0,
    "retweets": 0
},
{
    "id": 1523386985506742272,
    "user_id": 456709665,
    "created_at": "2022-05-08 19:38:55+00:00",
    "device": "Twitter for iPhone",
    "text": "I feel like there were quite a few references to other movies\u2026the ones I had in mind were \n\nThe matrix \nCarrie \nThe Ring",
    "likes": 0,
    "retweets": 0
},
{
    "id": 1523386986655936512,
    "user_id": 1496165621519818757,
    "created_at": "2022-05-08 19:38:55+00:00",
    "device": "Twitter Web App",
    "text": "i really want to see more exploration of jake lockley but i dont think i actually want a season 2, moon knight ended pretty damn well n at first i thought criticisms like \"it couldve just been a movie!!\" were right but now. god. it's great as a series i'm happy it wasn't like wv",
    "likes": 0,
    "retweets": 0
},
{
    "id": 1523386982080352256,
    "user_id": 1484164857742372866,
    "created_at": "2022-05-08 19:38:54+00:00",
    "device": "Twitter Web App",
    "text": "@DiscordThief @LegoDarthMau1 @bradenbecker15 @MCU_Direct Coz Wanda Serves",
    "likes": 0,
    "retweets": 0
},
{
    "id": 1523386987277090816,
    "user_id": 78645924,
    "created_at": "2022-05-08 19:38:55+00:00",
    "device": "Twitter for Android",
    "text": "I have seen WandVision though, so I assume I won't be totally lost.\n\nAlso, I haven't seen any spoilers ( I don't think), so better now I watch it than later finding out via Destiel Confession meme.",
    "likes": 0,
    "retweets": 0
},
{
    "id": 1523386988065280000,
    "user_id": 753299390186479616,
    "created_at": "2022-05-08 19:38:55+00:00",
    "device": "Twitter for iPhone",
    "text": "@zachheltzel So true. Preach. \ud83d\ude02",
    "likes": 0,
    "retweets": 0
},
{
    "id": 1523386988715397120,
    "user_id": 1026697596994088960,
    "created_at": "2022-05-08 19:38:55+00:00",
    "device": "Twitter for iPhone",
    "text": "@MCUPerfectGifs Multiverse of madness, Spider-Man NWH, Black widow, Shang chi, eternals. I liked all of these movies include eternals. BW and NWH are very close too\ud83e\uddb9\ud83c\udffb\u200d\u2642\ufe0f",
    "likes": 0,
    "retweets": 0
},
{
    "id": 1523386989760102401,
    "user_id": 1522100336084852736,
    "created_at": "2022-05-08 19:38:56+00:00",
    "device": "WordPress.com",
    "text": "Top 10 Highest Grossing Marvel Movies of All Time, Ranked Lowest to\u00a0Highest https://t.co/FQTV5jsLHP",
    "likes": 0,
    "retweets": 0
},
{
    "id": 1523386995694735360,
    "user_id": 4183592056,
    "created_at": "2022-05-08 19:38:57+00:00",
    "device": "Twitter for iPhone",
    "text": "NWH\nStrange\nEternals\nShang Chi\nBlack Widow https://t.co/JBV0VkZSnp",
    "likes": 0,
    "retweets": 0
},
{
    "id": 1523386995958976514,
    "user_id": 1509313839413837830,
    "created_at": "2022-05-08 19:38:57+00:00",
    "device": "Twitter Web App",
    "text": "1. Doctor Strange in the Multiverse of Madness\n2. Spider-Man: No Way Home\n3. Shang-Chi and the Legend of the Ten Rings\n4. Eternals\n5. Black Widow https://t.co/dgX6YgibnZ",
    "likes": 0,
    "retweets": 0
},
{
    "id": 1523386992662261760,
    "user_id": 725058349,
    "created_at": "2022-05-08 19:38:56+00:00",
    "device": "Twitter for iPhone",
    "text": "@harrysciinema they wanted Tom cruise Deadpool the rest of the fantastic 4 half of X men all Spider-Man\u2019s and probably Mephisto",
    "likes": 0,
    "retweets": 0
},
{
    "id": 1523386993061015552,
    "user_id": 1454425583249731587,
    "created_at": "2022-05-08 19:38:56+00:00",
    "device": "Twitter for iPhone",
    "text": "@simpfordamelios Spider-man",
    "likes": 0,
    "retweets": 0
},
{
    "id": 1523386995254300672,
    "user_id": 2898899906,
    "created_at": "2022-05-08 19:38:57+00:00",
    "device": "Twitter for iPhone",
    "text": "@Gupremes @seth_mescudi @ScrappyStew12 @MCU_Direct What\u2019s the line",
    "likes": 0,
    "retweets": 0
},
{
    "id": 1523386993396252672,
    "user_id": 83639539,
    "created_at": "2022-05-08 19:38:57+00:00",
    "device": "Twitter Web App",
    "text": "i managed to stay away from most news and trailers for MoM and so there were quite a few really big surprises in there for me. Compared to that, I see exactly what you mean despite it still being a great moment https://t.co/icbmqaLw5y",
    "likes": 0,
    "retweets": 0
},
{
    "id": 1523387000375578626,
    "user_id": 1486778056324923397,
    "created_at": "2022-05-08 19:38:58+00:00",
    "device": "Twitter for iPhone",
    "text": "@TheDenofNerds Multiverse of Madness sucked lmfao",
    "likes": 0,
    "retweets": 0
},
{
    "id": 1523386998936928257,
    "user_id": 39988740,
    "created_at": "2022-05-08 19:38:58+00:00",
    "device": "Twitter for iPhone",
    "text": "@PonchoRebound Yeah, super safe Disney is definitely trying to push that message",
    "likes": 0,
    "retweets": 0
},
{
    "id": 1523386993279119361,
    "user_id": 85605967,
    "created_at": "2022-05-08 19:38:57+00:00",
    "device": "Twitter Web App",
    "text": "\u26a1\ufe0f\u201cThor\u201d (2011) Directed by #KennethBranagh, starring @AustraliansFilm 2010 Breakthrough Award winner @ChrisHemsworth as #Thor, @TWHiddleston as #Loki &amp; @AnthonyHopkins as #Odin, was released 11 years ago on 6th May 2011.\ud83c\udf9e\ufe0f\ud83c\udde6\ud83c\uddfa\ud83c\uddfa\ud83c\uddf8\n\n#ChrisHemsworth #Thor #Marvel #StanLee #2011 #2010s https://t.co/JnV2m8ppI5",
    "likes": 0,
    "retweets": 0
},
{
    "id": 1523387001923325956,
    "user_id": 1039485801938251777,
    "created_at": "2022-05-08 19:38:59+00:00",
    "device": "Twitter for iPhone",
    "text": "@Laxix6 Torrent https://t.co/aI3I5MUet4",
    "likes": 0,
    "retweets": 0
},
{
    "id": 1523387004448239616,
    "user_id": 1381077486365110276,
    "created_at": "2022-05-08 19:38:59+00:00",
    "device": "Twitter for iPhone",
    "text": "@MCUPerfectGifs NWH, SC/MoM (these are so close for me), Eternals, BW",
    "likes": 0,
    "retweets": 0
},
{
    "id": 1523387003597115392,
    "user_id": 259544876,
    "created_at": "2022-05-08 19:38:59+00:00",
    "device": "Twitter for iPhone",
    "text": "@Shadziipoo Haven\u2019t watched yet. Will fix that soon",
    "likes": 0,
    "retweets": 0
},
{
    "id": 1523387004532133893,
    "user_id": 894256057,
    "created_at": "2022-05-08 19:38:59+00:00",
    "device": "Twitter for iPhone",
    "text": "@MCUPerfectGifs 1. MoM\n2. NWH\n3. Shang-Chi\n4. Eternals\n5. Black Widow\nThough, my favorite is nwh cause I love Spider-Man \u00af\\_(\u30c4)_/\u00af",
    "likes": 0,
    "retweets": 0
},
{
    "id": 1523387005660319745,
    "user_id": 1504270478550216715,
    "created_at": "2022-05-08 19:38:59+00:00",
    "device": "Twitter Web App",
    "text": "@MCUPerfectGifs people saying eternals or black widow &gt; MoM, NWH and Shang-Chi.. are you guys ok?",
    "likes": 0,
    "retweets": 0
},
{
    "id": 1523387005312319489,
    "user_id": 66140850,
    "created_at": "2022-05-08 19:38:59+00:00",
    "device": "Twitter for Android",
    "text": "@aftxrIife Can I have a sticker pleeeeaassee",
    "likes": 0,
    "retweets": 0
},
{
    "id": 1523387006675345408,
    "user_id": 1057452120474112000,
    "created_at": "2022-05-08 19:39:00+00:00",
    "device": "Twitter for Android",
    "text": "Shit beats sewer https://t.co/fga5wj2LXK",
    "likes": 0,
    "retweets": 0
},
{
    "id": 1523387006172090368,
    "user_id": 382328675,
    "created_at": "2022-05-08 19:39:00+00:00",
    "device": "Twitter for iPhone",
    "text": "@xmenarchive ig it\u2019s a good thing i watched the x men movies before watching MoM. i didn\u2019t even watch them as prep for the movie, i was just bored and figured i might as well",
    "likes": 0,
    "retweets": 0
},
{
    "id": 1523387009892380674,
    "user_id": 1365130435236397056,
    "created_at": "2022-05-08 19:39:00+00:00",
    "device": "Twitter for Android",
    "text": "@MCUPerfectGifs nwh \nmom\nshang chi\nbw\neternals",
    "likes": 0,
    "retweets": 0
},
{
    "id": 1523387013075939328,
    "user_id": 1328242271783841793,
    "created_at": "2022-05-08 19:39:01+00:00",
    "device": "Twitter for iPhone",
    "text": "covid literally changed the trajectory of the mcu it's crazy \ud83d\udc80",
    "likes": 0,
    "retweets": 0
},
{
    "id": 1523387014002880512,
    "user_id": 3132716041,
    "created_at": "2022-05-08 19:39:01+00:00",
    "device": "Twitter for iPhone",
    "text": "i wanna go eat and watch the new dr strange movie w someone\u2019s son #MultiverseOfMadness",
    "likes": 0,
    "retweets": 0
},
{
    "id": 1523387015391195136,
    "user_id": 319272601,
    "created_at": "2022-05-08 19:39:02+00:00",
    "device": "Twitter Web App",
    "text": "Like moms are like if Spider-Man still had to fight villains in top of buildings but instead of shooting spiderwebs from his hands he peed himself a little every time he jumped.",
    "likes": 0,
    "retweets": 0
},
{
    "id": 1523387012010885120,
    "user_id": 1326759907819970561,
    "created_at": "2022-05-08 19:39:01+00:00",
    "device": "Twitter for iPhone",
    "text": "About to go see #DoctorStrangeInTheMultiverseOfMadness with my brother. I\u2019m ready to head into the #MultiverseOfMadness  #NoSpoilers https://t.co/6mip4ZRuyB",
    "likes": 0,
    "retweets": 0
},
{
    "id": 1523387017752506368,
    "user_id": 5045401,
    "created_at": "2022-05-08 19:39:02+00:00",
    "device": "Tweetbot for i\u039fS",
    "text": "Didn\u2019t love #DoctorStrange but didn\u2019t hate it either. Some really good bits, some stupid bits, some really annoying bits. Elizabeth Olsen was great. Not in a rush to watch it again.",
    "likes": 0,
    "retweets": 0
},
{
    "id": 1523387013277569025,
    "user_id": 1082799163853672454,
    "created_at": "2022-05-08 19:39:01+00:00",
    "device": "Twitter for iPhone",
    "text": "to be fair peter didn\u2019t really know what he was fighting for, he just joined because tony fucking stark told him too https://t.co/A7Yjtp7uFV",
    "likes": 0,
    "retweets": 0
},
{
    "id": 1523387016955633664,
    "user_id": 800038225209397248,
    "created_at": "2022-05-08 19:39:02+00:00",
    "device": "Twitter for iPhone",
    "text": "@gashento every superhero movie is bound to  have a little fan service but i\u2019m tired of marvel just FLOODING a single movie w fan service. Batman, joker, the new suicide squad, etc have a good balance",
    "likes": 0,
    "retweets": 0
},
{
    "id": 1523387011607851009,
    "user_id": 1297456621,
    "created_at": "2022-05-08 19:39:01+00:00",
    "device": "Twitter for iPhone",
    "text": "No Way Home\nMultiverse of Madness\nShang-Chi\nBlack Widow\nEternals https://t.co/QKTPsaDxgc",
    "likes": 0,
    "retweets": 0
},
{
    "id": 1523387020432732161,
    "user_id": 1486163907777646593,
    "created_at": "2022-05-08 19:39:03+00:00",
    "device": "Twitter Web App",
    "text": "@MCUPerfectGifs 1. Spiderman\n2. Dr. Strange\n3. Black Widow\n4. Shang Chi\nLast in Phase 4, Last in MCU: Eternals\n\nIf you list looks different...it's wrong",
    "likes": 0,
    "retweets": 0
},
{
    "id": 1523387024711221248,
    "user_id": 1292791380008488961,
    "created_at": "2022-05-08 19:39:04+00:00",
    "device": "Twitter for iPhone",
    "text": "@acearoguy yeah i heard about that it sounds like it will be so much fun \ud83d\ude2d\ud83d\ude2d",
    "likes": 0,
    "retweets": 0
},
{
    "id": 1523387023192559616,
    "user_id": 808671837064482816,
    "created_at": "2022-05-08 19:39:04+00:00",
    "device": "Twitter for iPhone",
    "text": "Eternals \nShang Chi\nNWY and MoM on the same level\n\nblack widow https://t.co/MFW9Pae8l7",
    "likes": 0,
    "retweets": 0
},
{
    "id": 1523387021712302080,
    "user_id": 1134430607226916865,
    "created_at": "2022-05-08 19:39:03+00:00",
    "device": "Twitter for Android",
    "text": "@XVeggieRaccoonX Doctor Strange",
    "likes": 0,
    "retweets": 0
},
{
    "id": 1523387022211096576,
    "user_id": 1435068793823416326,
    "created_at": "2022-05-08 19:39:03+00:00",
    "device": "Twitter Web App",
    "text": "@THarlaftis @veve_official @Marvel @nicolettabaldar Because they don't CARE...they are here for your money..not to deliver.\nThey don't have a signal person in their team that built anything...resell sure, build, NO.\nThey are old and dont know how internet works, that's why they need over an year for a web app.",
    "likes": 0,
    "retweets": 0
},
{
    "id": 1523387023029325824,
    "user_id": 221868446,
    "created_at": "2022-05-08 19:39:04+00:00",
    "device": "Twitter for Android",
    "text": "Love Elizabeth Olsen's \n\"who even goes to see a Marvel movie, I certainly wouldn't\" energy.",
    "likes": 0,
    "retweets": 0
},
{
    "id": 1523387028213182464,
    "user_id": 1430587342583214082,
    "created_at": "2022-05-08 19:39:05+00:00",
    "device": "Twitter for Android",
    "text": "@MCUPerfectGifs I love marvel but we're 5 movies in &amp; there is no direction or indication to where the MCU is going unfortunately, but I enjoyed all these films, spiderman &amp; doctor strange knocked it out the park as well",
    "likes": 0,
    "retweets": 0
},
{
    "id": 1523387030134161408,
    "user_id": 1082043127,
    "created_at": "2022-05-08 19:39:05+00:00",
    "device": "Twitter for iPhone",
    "text": "I really enjoyed Doctor Strange, from a directorial standpoint I think it\u2019s a breath of fresh air to the MCU I\u2019m happy Sam Raimi got to do his thing. Narratively I can see how this is gonna be a polarizing entry and to be honest I\u2019m not even sure how to feel about the story.",
    "likes": 0,
    "retweets": 0
},
{
    "id": 1523387030457266180,
    "user_id": 449438445,
    "created_at": "2022-05-08 19:39:05+00:00",
    "device": "Twitter Web App",
    "text": "Fr but where can I get one in black or purple lol https://t.co/Dm0WJFBP3X",
    "likes": 0,
    "retweets": 0
},
{
    "id": 1523387031845740544,
    "user_id": 926974619751346176,
    "created_at": "2022-05-08 19:39:06+00:00",
    "device": "Twitter for iPhone",
    "text": "@JusticeHenson03 @_dddearion_ I agree but you know where they at now\ud83e\udd37\ud83c\udffd\u200d\u2642\ufe0f",
    "likes": 0,
    "retweets": 0
},
{
    "id": 1523387033602904069,
    "user_id": 947869321933611008,
    "created_at": "2022-05-08 19:39:06+00:00",
    "device": "Twitter Web App",
    "text": "@sweetestplaces of marvel stans do be saying a lot of shit...",
    "likes": 0,
    "retweets": 0
},
{
    "id": 1523387031560220673,
    "user_id": 1229491967295397888,
    "created_at": "2022-05-08 19:39:06+00:00",
    "device": "Twitter for iPhone",
    "text": "@NoobMemer0 Right. Only thought so because it was Ryan Reynolds who plays Deadpool",
    "likes": 0,
    "retweets": 0
},
{
    "id": 1523387036182675456,
    "user_id": 4277624481,
    "created_at": "2022-05-08 19:39:07+00:00",
    "device": "Twitter for iPhone",
    "text": "Rest well. https://t.co/rTVb3GYqHo",
    "likes": 0,
    "retweets": 0
},
{
    "id": 1523387036975398912,
    "user_id": 592272177,
    "created_at": "2022-05-08 19:39:07+00:00",
    "device": "Twitter for iPhone",
    "text": "No Way Home\nShang Chi\nDr Strange\nEternals\nBlack Widow https://t.co/8iTgPohip6",
    "likes": 0,
    "retweets": 0
},
{
    "id": 1523387034856878080,
    "user_id": 841310277165498369,
    "created_at": "2022-05-08 19:39:06+00:00",
    "device": "Twitter for Android",
    "text": "One of the great scenes of the movie\n#DoctorStrangeInTheMultiverseOfMadness #DoctorStrange\n#ScarletWitch https://t.co/tZs1FdWiID",
    "likes": 0,
    "retweets": 0
},
{
    "id": 1523387038615031808,
    "user_id": 1503414213292675074,
    "created_at": "2022-05-08 19:39:07+00:00",
    "device": "Twitter for Android",
    "text": "@intohoIIand Take a quick test before buy!\nI'm offering (5) any realestate related leads for skip tracing so that you can be sure what kind of service you are buying. #rakibskiptracer",
    "likes": 0,
    "retweets": 0
},
{
    "id": 1523387040527798273,
    "user_id": 1085575390444306434,
    "created_at": "2022-05-08 19:39:08+00:00",
    "device": "Twitter for iPhone",
    "text": "i\u2019d probably enjoy the mcu a lot more if it didn\u2019t seem to hate women.",
    "likes": 0,
    "retweets": 0
},
{
    "id": 1523387039923978241,
    "user_id": 60062785,
    "created_at": "2022-05-08 19:39:08+00:00",
    "device": "Twitter Web App",
    "text": "@AndiEwington Same, just got back like 15 minutes ago. There were some pretty damn cool moments.. and so many possibilities opening up for the future of the MCU! https://t.co/2fy2Ix93PV",
    "likes": 0,
    "retweets": 0
},
{
    "id": 1523387041458708483,
    "user_id": 92888234,
    "created_at": "2022-05-08 19:39:08+00:00",
    "device": "Twitter for iPhone",
    "text": "Wait\u2026.. so what IS next? https://t.co/f2q8F5btWG",
    "likes": 0,
    "retweets": 0
},
{
    "id": 1523387038937935872,
    "user_id": 1318819410187112448,
    "created_at": "2022-05-08 19:39:07+00:00",
    "device": "Twitter for iPhone",
    "text": "@KirbyZeii @TheRagingRedman @thegameawards Don\u2019t worry I\u2019m sure some of the marvel roster will be left for Xbox fans \ud83d\ude02",
    "likes": 0,
    "retweets": 0
},
{
    "id": 1523387040020131841,
    "user_id": 727373173633765376,
    "created_at": "2022-05-08 19:39:08+00:00",
    "device": "Twitter for iPhone",
    "text": "@chrscastro And Hank Pym lost the fantastic 4 in the micro verse in the 60s.",
    "likes": 0,
    "retweets": 0
},
{
    "id": 1523387041169387520,
    "user_id": 1421323624661803009,
    "created_at": "2022-05-08 19:39:08+00:00",
    "device": "Twitter for iPhone",
    "text": "@CultureCrave Overrated movie",
    "likes": 0,
    "retweets": 0
},
{
    "id": 1523387042486374400,
    "user_id": 186295677,
    "created_at": "2022-05-08 19:39:08+00:00",
    "device": "Twitter for Android",
    "text": "@eclecticmuses I need one!!!",
    "likes": 0,
    "retweets": 0
},
{
    "id": 1523387038694707201,
    "user_id": 1184384236494696448,
    "created_at": "2022-05-08 19:39:07+00:00",
    "device": "Twitter for Android",
    "text": "@MCUPerfectGifs 1. MoM\n2. Shang-Chi\n3. Eternals \n4. No Way Home \n5. Black Widow \n\nI enjoyed all of them.",
    "likes": 0,
    "retweets": 0
},
{
    "id": 1523387041496682497,
    "user_id": 1310981701359865864,
    "created_at": "2022-05-08 19:39:08+00:00",
    "device": "Twitter Web App",
    "text": "@MCUPerfectGifs 1 and 2 are tied between NWH and MOM (haven't rewatched MOM yet so can't decide)\n3. Shang-Chi\n4. Black Widow\n5. Eternals",
    "likes": 0,
    "retweets": 0
},
{
    "id": 1523387041362239490,
    "user_id": 2444859318,
    "created_at": "2022-05-08 19:39:08+00:00",
    "device": "Twitter for iPhone",
    "text": "Multiverse of Madness\nNo Way Home\nShang Chi\nBlack Widow\nMarvel Studios logo\n\nEternals https://t.co/AqBD70pikf",
    "likes": 0,
    "retweets": 0
},
{
    "id": 1523387043854057472,
    "user_id": 1706200346,
    "created_at": "2022-05-08 19:39:09+00:00",
    "device": "Twitter for iPhone",
    "text": "Holy shit Dr Strange was great #MultiverseOfMadness",
    "likes": 0,
    "retweets": 0
},
{
    "id": 1523387044588064768,
    "user_id": 4733678551,
    "created_at": "2022-05-08 19:39:09+00:00",
    "device": "Twitter for iPhone",
    "text": "mom &gt; eternals &gt; shang-chi &gt; nwh &gt; black widow https://t.co/5Ren4omoWw",
    "likes": 0,
    "retweets": 0
},
{
    "id": 1523387044017283072,
    "user_id": 761721686299385856,
    "created_at": "2022-05-08 19:39:09+00:00",
    "device": "Twitter for iPhone",
    "text": "@houseofphoton eternals coming back we moved!!!",
    "likes": 0,
    "retweets": 0
},
{
    "id": 1523387046412570624,
    "user_id": 355655378,
    "created_at": "2022-05-08 19:39:09+00:00",
    "device": "Twitter for Android",
    "text": "Spiderman NWH x5 \ud83e\udd29 https://t.co/OXsoJxaDHT",
    "likes": 0,
    "retweets": 0
},
{
    "id": 1523387044600303616,
    "user_id": 1430664060807237636,
    "created_at": "2022-05-08 19:39:09+00:00",
    "device": "Twitter Web App",
    "text": "@JohnTheCho  HOW ARE YOU NOT IN A MARVEL MOVIE BRO",
    "likes": 0,
    "retweets": 0
},
{
    "id": 1523387050229182465,
    "user_id": 64563388,
    "created_at": "2022-05-08 19:39:10+00:00",
    "device": "Twitter for iPhone",
    "text": "1. No Way Home\n2. Shang-Chi\n3. #MultiverseOfMadness \n4. Black Widow\n5. Eternals https://t.co/EclRP82ATv",
    "likes": 0,
    "retweets": 0
},
{
    "id": 1523387045778903040,
    "user_id": 1228261537451823104,
    "created_at": "2022-05-08 19:39:09+00:00",
    "device": "Twitter for Android",
    "text": "EVERY DAY I WAKE UP THEN I START TO BREAK UP LONELY IS A MAN WITHOUT LOVE EVERY DAY I START OUT THEN I CRY MY HEART OUT LONELY IS A MAN WITHOUT LOVE\n\n#MoonKnight https://t.co/LMCNK8B7eJ",
    "likes": 0,
    "retweets": 0
},
{
    "id": 1523387048727433216,
    "user_id": 2306064786,
    "created_at": "2022-05-08 19:39:10+00:00",
    "device": "Twitter for Android",
    "text": "@TheGWK21 @AguerosRolando @moonknight_Up I'm a hardcore Moon Knight fan and have read most of his comics. I wasn't disappointed with the series as a whole. I loved the whole thing. It was just the presentation of the finale",
    "likes": 0,
    "retweets": 0
},
{
    "id": 1523387047787962369,
    "user_id": 2846105169,
    "created_at": "2022-05-08 19:39:10+00:00",
    "device": "Twitter for iPhone",
    "text": "Bullseye in S3 of Daredevil was a better performance and he\u2019s just outside the top 3 best in the MCU https://t.co/sXSOix6K57",
    "likes": 0,
    "retweets": 0
},
{
    "id": 1523387049717514241,
    "user_id": 1282279844441710593,
    "created_at": "2022-05-08 19:39:10+00:00",
    "device": "Twitter for Android",
    "text": "Thanos running from Wanda in End Game should've ended the debate. https://t.co/t350fobadt",
    "likes": 0,
    "retweets": 0
},
{
    "id": 1523387048287109121,
    "user_id": 1478921044287131648,
    "created_at": "2022-05-08 19:39:10+00:00",
    "device": "Twitter for Android",
    "text": "@ComicBook Fart Maker fans are on a meltdown. \ud83e\udd23Moon Knight Supremacy \ud83d\udd25\ud83d\udd25",
    "likes": 0,
    "retweets": 0
},
{
    "id": 1523387053471408134,
    "user_id": 1497292872575557642,
    "created_at": "2022-05-08 19:39:11+00:00",
    "device": "Twitter for iPhone",
    "text": "Don\u2019t really think \u201cthe best mcu projects\u201d is the right words for the first 2 \ud83d\udc80 https://t.co/Xy6xYZDzxE",
    "likes": 0,
    "retweets": 0
},
{
    "id": 1523387051864776705,
    "user_id": 1319791083652603905,
    "created_at": "2022-05-08 19:39:10+00:00",
    "device": "Twitter for iPhone",
    "text": "Dr. Strange has become the MCU father figure since Iron Man. He might usher in the Young Avengers down the line.",
    "likes": 0,
    "retweets": 0
},
{
    "id": 1523387053945229312,
    "user_id": 1449020233289768962,
    "created_at": "2022-05-08 19:39:11+00:00",
    "device": "Twitter Web App",
    "text": "@thegarlicglue @VarietySpidrPg He\u2019s a fuckin menace and I love it \n\nDidn\u2019t he steal his friends bitch at one point?",
    "likes": 0,
    "retweets": 0
}]